,error
0,12519.350290369724
1,12518.983425620849
2,12515.755771434253
3,12507.042881039595
4,12507.042881039595
5,12501.349112567628
6,12497.695426069684
7,12497.68839985347
8,12497.68839985347
9,76.83880698581139
10,62.6716436373722
11,61.05444496449246
12,53.74388599639689
13,50.62724678874486
14,50.480372234561095
15,50.480372234561095
16,50.07976445393008
17,47.66232886710176
18,47.652777214133266
19,46.60194258720958
20,46.432477491229506
21,46.098168065089
22,45.4977604726335
23,45.485818884177625
24,44.53730518913435
25,44.14553707555925
26,44.140321583454174
27,42.83006384535046
28,42.52055789761058
29,41.44414288933017
30,40.44108751132422
31,38.46743057077099
32,38.39631248754222
33,38.38920171937243
34,38.32798056153578
35,38.32798056153578
36,38.00967195276218
37,37.16631292486895
38,37.02311934535388
39,36.81410937296348
40,36.118481626487295
41,36.0512523979998
42,35.67616327517528
43,35.38822649761279
44,35.36446995264358
45,35.30420072496577
46,35.229724197608775
47,35.17106481509366
48,34.9365499059433
49,34.9155513022647
50,34.82846004513275
51,34.53470789291049
52,33.373663684305384
53,33.33852149887754
54,33.15957110228941
55,33.13896723763183
56,32.33683212949709
57,32.11536475649671
58,32.11536475649671
59,30.4023812817652
60,30.252165128987382
61,30.181623181973148
62,30.181623181973148
63,29.91309424732569
64,29.91309424732569
65,29.715651531309387
66,29.715651531309387
67,29.679547414884485
68,29.160043051584477
69,29.15781585392679
70,28.788676331429727
71,28.752595631711912
72,28.577454407717962
73,28.51082416133847
74,28.51082416133847
75,28.418969844092832
76,28.418969844092832
77,27.887390442170314
78,27.85441419099296
79,26.949843219398407
80,26.933750317392953
81,26.91773345595074
82,26.543960232946393
83,26.377673995528212
84,26.32114572173431
85,26.314308193394954
86,26.314308193394954
87,26.210013721533024
88,26.13362708291256
89,26.09278300264816
90,26.07113264260859
91,26.037372739795774
92,26.037372739795774
93,26.01629998014282
94,25.876985412222734
95,25.791412941713947
96,25.738355265591768
97,25.513358621177133
98,25.470569519263613
99,25.192498026039964
100,25.192498026039964
101,25.116716294763798
102,25.067120881131938
103,25.017788096386045
104,24.981406782323898
105,24.977414409021936
106,24.827320050609856
107,24.817267154766512
108,24.805015396590886
109,24.805015396590886
110,24.796212550317072
111,24.796212550317072
112,24.760097206620394
113,24.760097206620394
114,24.7210830424961
115,24.563043288756095
116,24.402073012252025
117,24.402073012252025
118,24.173870123937725
119,24.16242390632237
120,24.159851265705665
121,24.03719392379572
122,24.00046244858159
123,24.00046244858159
124,23.968795004847713
125,23.870535784409103
126,23.839513795899087
127,23.805190445933288
128,23.782854928768504
129,23.782854928768504
130,23.6382417523431
131,23.615389547549768
132,23.383445582615604
133,23.16104981990147
134,23.15746441448473
135,23.141253861777138
136,23.141253861777138
137,23.137437939124084
138,22.952724235671347
139,22.942290908319073
140,22.90455041900077
141,22.682104052231352
142,22.493952547386673
143,22.354503877985717
144,22.333025649002675
145,22.175550588770435
146,22.175550588770435
147,21.85357402575232
148,21.84859822676987
149,21.821510463270116
150,21.703552021006452
151,21.542862678536665
152,21.542862678536665
153,21.45444991351594
154,21.44156990968803
155,21.411813116241344
156,21.345610667298164
157,21.336466979241845
158,21.125596425384213
159,21.02264187371693
160,20.913135595169976
161,20.901911277137508
162,20.84646981330163
163,20.773236970917864
164,20.698568316631388
165,20.570395068976314
166,20.5457262898036
167,20.516947917457145
168,20.462832146204935
169,19.96785200801428
170,19.92984449515123
171,19.92679192227094
172,19.865402937541106
173,19.86133513255776
174,19.86133513255776
175,19.83089977292847
176,19.83089977292847
177,19.81747295836099
178,19.39771825395265
179,19.34113598552053
180,19.34113598552053
181,19.316776812875823
182,19.312473185914172
183,19.25479447200901
184,19.239990284317233
185,19.22536004772797
186,19.22536004772797
187,19.04825492243635
188,19.047896604868104
189,19.047896604868104
190,18.92895167241255
191,18.854812384380683
192,18.78621005838722
193,18.66299931009769
194,18.56082060548527
195,18.538560347901964
196,18.480045123654932
197,18.435321513130127
198,18.368856139501933
199,18.368856139501933
200,18.352069515092015
201,18.31059853490339
202,18.084483763557117
203,18.084483763557117
204,17.807380808867666
205,17.75507643220755
206,17.683817777115593
207,17.590913484102437
208,17.53033188719534
209,17.303101235414434
210,17.286376227946377
211,17.232840480626322
212,17.147797239414395
213,17.147797239414395
214,17.09260966924906
215,17.055024640812828
216,16.9972548208104
217,16.986319596086133
218,16.922585836257458
219,16.901411511901294
220,16.781963093005302
221,16.775012346529998
222,16.768998773731774
223,16.68416159225362
224,16.662106576703433
225,16.563641837023724
226,16.514780097766284
227,16.460590124269444
228,16.429731254808548
229,16.427348268658296
230,16.40028037848718
231,16.367248536449875
232,16.367248536449875
233,16.328653894217513
234,16.328653894217513
235,16.237689946032706
236,16.206774715699694
237,16.170575717652785
238,16.08736904278766
239,16.06795976743183
240,15.945792500450182
241,15.937715423310891
242,15.911823493171312
243,15.907058628655115
244,15.877576232518997
245,15.820294355360389
246,15.816208373903823
247,15.786537383962157
248,15.783011047388332
249,15.747566906584693
250,15.680060135728537
251,15.666787423118974
252,15.648059130993076
253,15.648059130993076
254,15.595717076086297
255,15.42854368110861
256,15.391055878411436
257,15.31783489190111
258,15.249011597149412
259,15.210372085309137
260,15.19270887171794
261,15.126842141398095
262,15.117450799785848
263,15.114463461906285
264,15.112326645622995
265,15.085994935177466
266,15.085994935177466
267,15.083776970033375
268,15.039444457768887
269,14.975018732806458
270,14.879512950130493
271,14.856635688276103
272,14.728254957511359
273,14.702062862657264
274,14.702062862657264
275,14.685538812328202
276,14.684846913203703
277,14.676121573897838
278,14.642706660941606
279,14.62654346702477
280,14.613556663714892
281,14.611404577084866
282,14.59614287598743
283,14.582791325669362
284,14.560890806439652
285,14.555260417018589
286,14.555260417018589
287,14.54698490011172
288,14.539957769312446
289,14.528015816757026
290,14.472335411925837
291,14.422242943003605
292,14.422242943003605
293,14.327048093193776
294,14.302554473235036
295,14.257269677734289
296,14.223884302001347
297,14.206417857806665
298,14.178735920086156
299,14.164219830297695
300,14.136723686158112
301,14.106426797308941
302,14.098917136742816
303,14.098917136742816
304,14.070855972630905
305,14.060715602352358
306,14.01876952376098
307,14.017343964097067
308,13.996490693996725
309,13.969489153425583
310,13.952275590778845
311,13.903820155010681
312,13.898917510980604
313,13.891086831687996
314,13.863788406603867
315,13.863788406603867
316,13.861681900178834
317,13.831816870977963
318,13.798539838071786
319,13.702217262265174
320,13.65957331997444
321,13.611631681004926
322,13.591248249243092
323,13.507721056550348
324,13.448036842360786
325,13.356840370122915
326,13.324802919360238
327,13.215702947555519
328,13.206839338117657
329,13.202062133931879
330,13.19319240742102
331,13.1750474332602
332,13.1750474332602
333,13.167028871261357
334,13.142373091160142
335,13.064002861995485
336,12.989211462091582
337,12.97245963549518
338,12.932951582879376
339,12.932951582879376
340,12.922301388675148
341,12.88845359690649
342,12.885885230738413
343,12.869029721848136
344,12.856851716918518
345,12.809801799011684
346,12.807972278322067
347,12.806433933739292
348,12.78068233989124
349,12.76925734712133
350,12.741753236911311
351,12.724056234853663
352,12.675618758427989
353,12.673097380493115
354,12.62714868121069
355,12.614097523240781
356,12.559923990205961
357,12.556501723842144
358,12.503905415855078
359,12.502295994248087
360,12.462409320029519
361,12.448150339474344
362,12.439848993653468
363,12.410589290042852
364,12.393928229366116
365,12.335065443027725
366,12.324886671241517
367,12.314142533260393
368,12.306810948656212
369,12.301074926244192
370,12.301074926244192
371,12.285322974520131
372,12.260074300679522
373,12.221362762932756
374,12.216101324793371
375,12.216101324793371
376,12.189446593269485
377,12.188169252876271
378,12.186908464807324
379,12.175408535993416
380,12.173132563306314
381,12.153953336636453
382,12.145140904320263
383,12.12533473003984
384,12.050604762428259
385,12.046787092051948
386,12.046787092051948
387,11.996028717865526
388,11.838203856629688
389,11.826187475396187
390,11.81447473955463
391,11.81447473955463
392,11.780464733293485
393,11.773331526390256
394,11.738591400679796
395,11.689719620740703
396,11.688377942064244
397,11.65197267428964
398,11.630864884147087
399,11.616537156774477
400,11.57429524185492
401,11.53679534401147
402,11.53679534401147
403,11.530319493382107
404,11.521748635991305
405,11.519822723067172
406,11.503680046316545
407,11.493133406165793
408,11.474022429298405
409,11.438541150560999
410,11.429576272628983
411,11.426980514157716
412,11.426980514157716
413,11.405676791388668
414,11.381463969652012
415,11.381036610236105
416,11.37466247908186
417,11.309338718178957
418,11.245977008404015
419,11.232532957649031
420,11.231953133592464
421,11.231049283407904
422,11.22828950845657
423,11.22828950845657
424,11.218662230142256
425,11.207226579933602
426,11.200367455127619
427,11.19773279248972
428,11.18129344678632
429,11.170509212398207
430,11.126573907781356
431,11.107319043610264
432,11.104861703745467
433,11.057745236180185
434,11.053147266428335
435,11.042701216107423
436,11.021655433467037
437,11.017396397840928
438,11.009220588671887
439,11.007857526715469
440,10.999910750256456
441,10.999910750256456
442,10.963069072312798
443,10.932770478165532
444,10.932770478165532
445,10.924652839283235
446,10.921387757586999
447,10.921387757586999
448,10.916258628622572
449,10.91577097082809
450,10.848346733567583
451,10.848346733567583
452,10.84170242304017
453,10.808867820569244
454,10.80445121202226
455,10.790367810334399
456,10.781704646403389
457,10.781502348995899
458,10.780614855052239
459,10.663861239235363
460,10.566669337999663
461,10.564989739747501
462,10.56464720217863
463,10.56464720217863
464,10.56076637368628
465,10.553557919282218
466,10.543154435594307
467,10.537781772307849
468,10.526480322956425
469,10.524374448739232
470,10.517409332432091
471,10.517409332432091
472,10.510636177858858
473,10.50619908629176
474,10.484729849364983
475,10.484729849364983
476,10.46772942486293
477,10.46772942486293
478,10.445861082160182
479,10.445861082160182
480,10.433505538467568
481,10.419188116721381
482,10.415439745838075
483,10.372326759070155
484,10.363648760057314
485,10.346977025822703
486,10.325351559702371
487,10.325351559702371
488,10.283721346572733
489,10.235408381977958
490,10.235281395773438
491,10.202879071791049
492,10.202879071791049
493,10.17130370126662
494,10.156122529529428
495,10.145357986509243
496,10.102110838926302
497,10.092527636041162
498,10.090043039659028
499,10.089320802732702
500,10.085415540372301
501,10.079568567567842
502,10.079568567567842
503,10.053924742815846
504,10.030309962239109
505,10.030309962239109
506,10.023827297512947
507,10.00456502909873
508,10.000941507433414
509,9.950013305511133
510,9.948890762516509
511,9.948727412856996
512,9.917047832374378
513,9.903828000464882
514,9.900392904072518
515,9.887619870485086
516,9.84780625185862
517,9.84780625185862
518,9.825740403211816
519,9.790103257115506
520,9.77951069382266
521,9.685851607159478
522,9.685851607159478
523,9.66546939037033
524,9.64966637906475
525,9.64847813831535
526,9.606856842274356
527,9.589622270594495
528,9.562318978846534
529,9.561428267448418
530,9.537987962316585
531,9.52362787196052
532,9.51942150759935
533,9.517034717712999
534,9.50563767102734
535,9.486771736982197
536,9.443987065252799
537,9.443987065252799
538,9.398064516061169
539,9.389084555193856
540,9.371718550850785
541,9.371718550850785
542,9.367928885392546
543,9.365434479328025
544,9.362128344538919
545,9.345187787314611
546,9.33360357379088
547,9.308004537365683
548,9.307940889754548
549,9.294342347116423
550,9.271233730643232
551,9.237879254010894
552,9.235788153541202
553,9.213144596359555
554,9.210827299911626
555,9.182096308335638
556,9.170432607750941
557,9.17014810758748
558,9.164870547915992
559,9.161121080955413
560,9.139091006891372
561,9.126297082848147
562,9.126297082848147
563,9.12510780776287
564,9.123310268019024
565,9.115537508856473
566,9.085409908986271
567,9.079682815602261
568,9.073147633138378
569,9.0602208105997
570,9.058438721946533
571,9.040618448536934
572,9.037279345353365
573,9.037279345353365
574,8.991885248567865
575,8.979467941635885
576,8.976132844571506
577,8.972273304402188
578,8.963957307404577
579,8.939638381929832
580,8.913775380663472
581,8.898923226611776
582,8.89365875238364
583,8.875155302515664
584,8.84719216619231
585,8.842323803320593
586,8.815159454046226
587,8.800076855812637
588,8.774503670301886
589,8.720959024793071
590,8.696574803661592
591,8.686772552127442
592,8.683832081064491
593,8.683832081064491
594,8.68097421072212
595,8.680300414036791
596,8.673419006575829
597,8.661917699895765
598,8.622051315518695
599,8.618967084591262
600,8.615849020221155
601,8.615849020221155
602,8.593404700120967
603,8.588029070568727
604,8.559989856908958
605,8.559989856908958
606,8.55831253054218
607,8.55703894207738
608,8.547964622368497
609,8.546048563973882
610,8.54248943454029
611,8.532540453777195
612,8.532540453777195
613,8.521988464698287
614,8.476619782031936
615,8.475995729992391
616,8.471562802955027
617,8.471131542988244
618,8.46724296708691
619,8.455175933125457
620,8.453915137667925
621,8.45000677519337
622,8.44414998606357
623,8.443944805575278
624,8.443944805575278
625,8.415239259179149
626,8.4044462005016
627,8.401902820296366
628,8.394145632630408
629,8.388278801671582
630,8.387878113815956
631,8.387878113815956
632,8.387293569022347
633,8.386896099807473
634,8.37536217416416
635,8.37536217416416
636,8.355653742359385
637,8.346366138095524
638,8.334129528364894
639,8.308042247130887
640,8.291815906800053
641,8.28683145042385
642,8.266905440326513
643,8.261896996328783
644,8.237384035065313
645,8.229476419340077
646,8.229476419340077
647,8.213221616892449
648,8.19867570803989
649,8.177690152741015
650,8.165065521810329
651,8.162582238205852
652,8.158806768393006
653,8.152570915489068
654,8.152570915489068
655,8.152476350410618
656,8.148053975251866
657,8.14680351061348
658,8.140710189947557
659,8.11406305035969
660,8.113194737066591
661,8.102305824440709
662,8.09804789236075
663,8.09804789236075
664,8.097325545337346
665,8.076514966749484
666,8.065989282287402
667,8.064949745411548
668,8.022851394812292
669,8.016704160212342
670,8.011548482259482
671,7.994228902681977
672,7.988901903688651
673,7.980441794825396
674,7.980231210011654
675,7.978250067488003
676,7.972951432285643
677,7.969765796375304
678,7.947552488898425
679,7.932397117836801
680,7.929055802684461
681,7.912918402900103
682,7.905195919321501
683,7.905195919321501
684,7.9001885814095845
685,7.894834305426325
686,7.893913321372026
687,7.8887198661457
688,7.885343091522214
689,7.87303964828523
690,7.867045564355628
691,7.8550039976144195
692,7.823970836189204
693,7.803223458698659
694,7.75429595819569
695,7.74401671249006
696,7.740781404265143
697,7.73172575322558
698,7.7231245542362785
699,7.722648316539033
700,7.713548719959559
701,7.712767546477221
702,7.685705486143666
703,7.649702959742156
704,7.64471871313512
705,7.618978443571198
706,7.608532024844954
707,7.594779090395573
708,7.594779090395573
709,7.594551143635411
710,7.59115582021658
711,7.59115582021658
712,7.572614823712957
713,7.570931897598511
714,7.552107267974899
715,7.547384168696707
716,7.542228822075199
717,7.529499056460048
718,7.529499056460048
719,7.5141658254637544
720,7.5141658254637544
721,7.499351631532303
722,7.484832671423133
723,7.484192175599465
724,7.482134128132125
725,7.479635013213455
726,7.45496881330371
727,7.449044319702702
728,7.424553565419821
729,7.417583243037471
730,7.390015082019013
731,7.376198666765345
732,7.370361813998797
733,7.369121699294163
734,7.353627269691642
735,7.348367731631087
736,7.3334923022429965
737,7.319012978171674
738,7.314031585225861
739,7.308478485980194
740,7.307900554914985
741,7.3078486178707855
742,7.306791685342496
743,7.253953918736759
744,7.2262966201704435
745,7.221836613049594
746,7.214075866109549
747,7.214075866109549
748,7.167766255059693
749,7.167766255059693
750,7.167129341032354
751,7.159646637660474
752,7.150660128850525
753,7.150352448489049
754,7.149659320851975
755,7.136479682468497
756,7.133263389607527
757,7.119560627643071
758,7.111341147691676
759,7.106547213660781
760,7.091085492883778
761,7.089787694080443
762,7.0799236225877324
763,7.078408651410885
764,7.0718356356764795
765,7.058405347955826
766,7.058405347955826
767,7.04859226659913
768,7.046190562596163
769,7.039903126674499
770,7.0313638954618405
771,7.027826800467089
772,7.0259002965707005
773,7.0247131980257596
774,6.999506887833256
775,6.989414156965905
776,6.978469768011088
777,6.976634166819359
778,6.976634166819359
779,6.970038441293415
780,6.950363245848384
781,6.950123397195426
782,6.9446175618104
783,6.942532493082537
784,6.942532493082537
785,6.9336549897477635
786,6.929959949752098
787,6.919938800052142
788,6.889761452618922
789,6.882357842399258
790,6.882357842399258
791,6.873960201137526
792,6.868360339948396
793,6.868211546875229
794,6.8672830982453545
795,6.865239481989105
796,6.852027342058347
797,6.8330802609478365
798,6.8330802609478365
799,6.820560431914013
800,6.820552867238369
801,6.818154851002975
802,6.816180619509087
803,6.805566030689527
804,6.802846228252542
805,6.801656805047327
806,6.801656805047327
807,6.793053963218842
808,6.793053963218842
809,6.771074540822758
810,6.755714151541027
811,6.755714151541027
812,6.750100746862953
813,6.747692471446688
814,6.744196753783576
815,6.7336009368584895
816,6.7336009368584895
817,6.721825618694186
818,6.721825618694186
819,6.715047620626842
820,6.705021081821409
821,6.699201849970805
822,6.6989739034634805
823,6.69580389257408
824,6.695529423279684
825,6.693064208937251
826,6.68730354735861
827,6.68730354735861
828,6.674503128616042
829,6.666872345350433
830,6.66151839837372
831,6.658668425431659
832,6.6422131157626385
833,6.626303198609057
834,6.626303198609057
835,6.613864841445002
836,6.613864841445002
837,6.60942592804535
838,6.604920746785588
839,6.604920746785588
840,6.59617327486578
841,6.593282013250966
842,6.592085286103732
843,6.586088106753878
844,6.5806474446923255
845,6.574595811495154
846,6.565287030611202
847,6.526427611227889
848,6.526084292467007
849,6.52028399547995
850,6.498173530075598
851,6.498173530075598
852,6.494968054823369
853,6.490238441321314
854,6.482346497844527
855,6.478412327900772
856,6.455643752363545
857,6.4518484842996155
858,6.449475710055715
859,6.449475710055715
860,6.4364540981594836
861,6.434299389063181
862,6.43275625881719
863,6.4321777721525475
864,6.4321777721525475
865,6.417409412740687
866,6.413817222442876
867,6.399699703707801
868,6.394508157298249
869,6.393229277121745
870,6.379533659046363
871,6.369432854251004
872,6.366637420478129
873,6.356199476289105
874,6.3460091982212585
875,6.3195802512478965
876,6.317277938557054
877,6.283485584155311
878,6.283262360600506
879,6.279345227438661
880,6.270635759813214
881,6.265452400852536
882,6.260555559811295
883,6.260555559811295
884,6.251379052977501
885,6.25009398043987
886,6.247902167251687
887,6.243819939516709
888,6.243819939516709
889,6.230732421816476
890,6.2012753459885595
891,6.201008286551198
892,6.197828869897945
893,6.185166849893658
894,6.170579368290722
895,6.170579368290722
896,6.165771669323571
897,6.1572830941394505
898,6.1540916630400915
899,6.138191094372946
900,6.127542955121685
901,6.126882999583748
902,6.111558800247096
903,6.104706412511629
904,6.0982814851298235
905,6.095633279938268
906,6.086180606510363
907,6.07494000402869
908,6.071102333120921
909,6.070715231481914
910,6.06455445489102
911,6.0588789943110335
912,6.057539560939239
913,6.057539560939239
914,6.042775671671352
915,6.024999400924802
916,6.024435995561617
917,5.998056644275261
918,5.991377074998637
919,5.991377074998637
920,5.985627966460469
921,5.984458340548942
922,5.977269463638041
923,5.97524228346361
924,5.971845080218566
925,5.9684519420119075
926,5.962561915232907
927,5.955813054282654
928,5.948327781314322
929,5.948204609855955
930,5.947760423684017
931,5.944226137934684
932,5.93611526972025
933,5.93611526972025
934,5.930458453291553
935,5.918750373705255
936,5.898833020971484
937,5.898833020971484
938,5.898086665081603
939,5.881905856917205
940,5.879547002013871
941,5.8794739997162635
942,5.8741124915011325
943,5.860281784065257
944,5.839916413266526
945,5.839916413266526
946,5.836130179328315
947,5.832075770689728
948,5.824621646789597
949,5.769782594629567
950,5.759757996129362
951,5.756868357486548
952,5.756868357486548
953,5.753092202172586
954,5.74435667219805
955,5.734882917278976
956,5.731599337522368
957,5.719681399957156
958,5.718736813241108
959,5.716209508653613
960,5.713187994381019
961,5.707045974150961
962,5.706095182478123
963,5.692094516649387
964,5.669162872883618
965,5.666033297669989
966,5.666033297669989
967,5.654791466366455
968,5.654733208093689
969,5.653088522174174
970,5.6463937586955115
971,5.643092519997771
972,5.63148395382644
973,5.626589708242321
974,5.620129999629759
975,5.620129999629759
976,5.608058046612461
977,5.599527334136363
978,5.58225787889789
979,5.575456864439194
980,5.575456864439194
981,5.575119059207256
982,5.559913224671313
983,5.557894293332582
984,5.552507149335025
985,5.515334704929746
986,5.5099346921635854
987,5.5088341692508385
988,5.50081413657638
989,5.4984143982122715
990,5.4984143982122715
991,5.496431003275048
992,5.489124781836501
993,5.488036012083211
994,5.484955283393214
995,5.46969744612113
996,5.46969744612113
997,5.465832351201394
998,5.458735989529823
999,5.438105972536594
1000,5.436615522731571
1001,5.430404506545886
1002,5.4230020554260925
1003,5.422312693692052
1004,5.415188524536344
1005,5.407451049007563
1006,5.405730418924231
1007,5.396587210076089
1008,5.388856561874311
1009,5.386069024230739
1010,5.380405198857298
1011,5.372233114353773
1012,5.371153383810362
1013,5.362905411300187
1014,5.356450444759778
1015,5.349514356179737
1016,5.330840524375873
1017,5.330840524375873
1018,5.3271577271592205
1019,5.319220313544326
1020,5.307643874921642
1021,5.29423478574016
1022,5.289673350786744
1023,5.281573694653247
1024,5.260117560583312
1025,5.2558299926741725
1026,5.2558299926741725
1027,5.254690749053667
1028,5.254690749053667
1029,5.246827973861186
1030,5.246827973861186
1031,5.243952316996557
1032,5.243952316996557
1033,5.2334518205408935
1034,5.232218202036803
1035,5.223604123548812
1036,5.221256197236854
1037,5.204921766770632
1038,5.194160902504533
1039,5.190601330855886
1040,5.176958649660267
1041,5.171488635157003
1042,5.171089698472076
1043,5.169839449191247
1044,5.165498010898664
1045,5.158701928996297
1046,5.156917695079415
1047,5.144930895226085
1048,5.127302675739986
1049,5.098806078560235
1050,5.098806078560235
1051,5.095107916425146
1052,5.080209998799253
1053,5.076775831762179
1054,5.074756881366642
1055,5.060808794370546
1056,5.060808794370546
1057,5.058138738593293
1058,5.049441628986875
1059,5.043027907921196
1060,5.013812470484488
1061,5.013812470484488
1062,5.003186893441241
1063,4.999408439676934
1064,4.979994833571893
1065,4.979994833571893
1066,4.97813819627387
1067,4.972516142326491
1068,4.970717011590461
1069,4.967266657608364
1070,4.967266657608364
1071,4.963289123165809
1072,4.945061295036601
1073,4.945061295036601
1074,4.93708241533631
1075,4.933744884356146
1076,4.925509444207467
1077,4.923237419348105
1078,4.921067403491045
1079,4.914005560576772
1080,4.9139807332551895
1081,4.911341631995787
1082,4.895904401689526
1083,4.888093677141427
1084,4.874704804009157
1085,4.874254939336319
1086,4.867836051143214
1087,4.866463434138357
1088,4.858749192474306
1089,4.848083148827025
1090,4.846220724469704
1091,4.8460225054838295
1092,4.84426075668917
1093,4.8375952059332255
1094,4.8315745097074405
1095,4.818213837674564
1096,4.813140533474577
1097,4.813140533474577
1098,4.808201015145797
1099,4.8065620316996815
1100,4.8065620316996815
1101,4.793951062765839
1102,4.793951062765839
1103,4.792707930421932
1104,4.789276130347474
1105,4.777485651491873
1106,4.775123051445698
1107,4.768701771846252
1108,4.753386896117416
1109,4.739242832236357
1110,4.728543158616327
1111,4.71551579558491
1112,4.714388324723109
1113,4.714014682866554
1114,4.691178675279363
1115,4.691178675279363
1116,4.665809000846586
1117,4.654186237260157
1118,4.649265661670723
1119,4.649265661670723
1120,4.644177058221782
1121,4.639696541127512
1122,4.638722557368187
1123,4.632380909872519
1124,4.6102835293254545
1125,4.6102835293254545
1126,4.606755221877506
1127,4.599545071172637
1128,4.593942426311115
1129,4.575415543434683
1130,4.572576996139644
1131,4.571536054388597
1132,4.570903301745274
1133,4.569584450106989
1134,4.563149391249009
1135,4.553799306703471
1136,4.551288940152024
1137,4.545995675519344
1138,4.545995675519344
1139,4.527321386308583
1140,4.523726724560051
1141,4.5220861500887075
1142,4.52178423484698
1143,4.512136543640092
1144,4.502712933659024
1145,4.49774313381875
1146,4.489625242758444
1147,4.4894817907144144
1148,4.486233764823492
1149,4.483888606956841
1150,4.480452201546507
1151,4.464053284190437
1152,4.464053284190437
1153,4.456152649497858
1154,4.450995812289429
1155,4.438727088014008
1156,4.43510939435825
1157,4.434803299239582
1158,4.432725254837176
1159,4.432725254837176
1160,4.421449618807519
1161,4.419213426892763
1162,4.4045312882633745
1163,4.401971995111028
1164,4.38817630219909
1165,4.387709591590801
1166,4.381780799838398
1167,4.363883518183707
1168,4.36301563572606
1169,4.362246896224868
1170,4.362246896224868
1171,4.35835460973984
1172,4.3533200298465715
1173,4.34606380902343
1174,4.339643919713938
1175,4.329643997473803
1176,4.3237144688030265
1177,4.323368153603515
1178,4.322541135048337
1179,4.3140653666292215
1180,4.3140653666292215
1181,4.311678685222007
1182,4.311298623832914
1183,4.298777271977533
1184,4.29506241371593
1185,4.29506241371593
1186,4.2929590463381295
1187,4.291141723928394
1188,4.277199633379331
1189,4.277199633379331
1190,4.270560763755078
1191,4.268723432801544
1192,4.26072727902999
1193,4.259104729105621
1194,4.257644959439637
1195,4.255110168326228
1196,4.253453379479757
1197,4.253453379479757
1198,4.252209496293843
1199,4.248521301677157
1200,4.247436825240566
1201,4.245714857503724
1202,4.245559768803647
1203,4.245559768803647
1204,4.238547143811798
1205,4.235290477160832
1206,4.226787660347212
1207,4.214839741988524
1208,4.214839741988524
1209,4.210725950836187
1210,4.193159985258045
1211,4.193002389690246
1212,4.192790184198781
1213,4.183522495507638
1214,4.179660033011954
1215,4.170905088636494
1216,4.170865317759349
1217,4.1642248089480995
1218,4.1642248089480995
1219,4.153856376501617
1220,4.1430627916247404
1221,4.129170853888406
1222,4.125884271221504
1223,4.116980235842599
1224,4.111596888166724
1225,4.105035590534857
1226,4.105035590534857
1227,4.104977914489163
1228,4.104977914489163
1229,4.096714939157668
1230,4.0954452759113025
1231,4.093135139816016
1232,4.0907266265122475
1233,4.080950662839863
1234,4.076260358510365
1235,4.07416725004565
1236,4.073979070137799
1237,4.0668226947391855
1238,4.047695248255132
1239,4.044176878496569
1240,4.044151153509859
1241,4.044151153509859
1242,4.036431442535268
1243,4.031479165887766
1244,4.0218997189917705
1245,3.9964703717913
1246,3.9955800065992477
1247,3.9847089280676493
1248,3.9789205567757726
1249,3.97583676436761
1250,3.9735460475769706
1251,3.9673853751400086
1252,3.941967764962911
1253,3.941967764962911
1254,3.941209601800841
1255,3.9326633548005065
1256,3.9314689045077165
1257,3.9284097640030957
1258,3.9276842122822635
1259,3.9249502163375287
1260,3.9249502163375287
1261,3.917734877272472
1262,3.9090539320771627
1263,3.9090539320771627
1264,3.903164476919675
1265,3.8970055133152077
1266,3.8919060861955543
1267,3.8914288272919215
1268,3.8908473273845576
1269,3.888093606019644
1270,3.8742012240687687
1271,3.861334201642607
1272,3.861334201642607
1273,3.8447213064093493
1274,3.843030685498838
1275,3.8170160805254363
1276,3.8170160805254363
1277,3.8110386341886064
1278,3.8110386341886064
1279,3.8106506536533384
1280,3.8106506536533384
1281,3.8099312527111477
1282,3.8056417044995197
1283,3.790847357954358
1284,3.789587621086835
1285,3.774609651388255
1286,3.7709948567416274
1287,3.7438429008683447
1288,3.7227490276244724
1289,3.7153278758287915
1290,3.705099084309819
1291,3.7044035230805576
1292,3.7005864286039345
1293,3.7000953442760873
1294,3.7000953442760873
1295,3.6981924686738683
1296,3.6981924686738683
1297,3.682474461099992
1298,3.682474461099992
1299,3.6707633518038074
1300,3.663545552142918
1301,3.6604654284136484
1302,3.640590786701993
1303,3.6349875108096685
1304,3.6326143987790984
1305,3.632312621690334
1306,3.626081850023724
1307,3.620393524787476
1308,3.6198723081435484
1309,3.6102611043766557
1310,3.6102611043766557
1311,3.5982091822603444
1312,3.597433042997778
1313,3.5953758935609743
1314,3.5953758935609743
1315,3.5948038390783665
1316,3.5942722177948396
1317,3.5923246753002336
1318,3.5884225856075056
1319,3.5865086001884663
1320,3.5852057529598707
1321,3.5831186721758574
1322,3.5831186721758574
1323,3.575673613234654
1324,3.5722771907890287
1325,3.5722771907890287
1326,3.571601747648736
1327,3.5709700009816148
1328,3.570910942028153
1329,3.570910942028153
1330,3.566938884776666
1331,3.5656441038283417
1332,3.5612536093989178
1333,3.5581449330117643
1334,3.556456982258653
1335,3.552783486182509
1336,3.545300360520185
1337,3.545019152982124
1338,3.54277705462931
1339,3.5361842936979486
1340,3.531595808216305
1341,3.528046872874461
1342,3.528046872874461
1343,3.5276549010173506
1344,3.5198335484784433
1345,3.5065956260346285
1346,3.501840234941136
1347,3.501438226275864
1348,3.4925973380596
1349,3.491617270247478
1350,3.489454054387815
1351,3.4802939586205426
1352,3.4802939586205426
1353,3.4787958990628343
1354,3.464893622937656
1355,3.4634805652134015
1356,3.461323059071428
1357,3.4465566984448075
1358,3.4392831354131133
1359,3.433809749310704
1360,3.4310742538659555
1361,3.4277593998888922
1362,3.423339150782362
1363,3.41540573512494
1364,3.415334805234877
1365,3.3959293707656046
1366,3.3938637010257886
1367,3.3885657037254657
1368,3.387464034696757
1369,3.384482259018547
1370,3.3844003345839595
1371,3.3804159300502477
1372,3.378845572610971
1373,3.3748732376513324
1374,3.371016948220415
1375,3.3706062546979503
1376,3.368672452837823
1377,3.3674196262632625
1378,3.3672144356588447
1379,3.3580510345027172
1380,3.3536020249925
1381,3.348790523813806
1382,3.342035689874397
1383,3.3295544945275157
1384,3.3295544945275157
1385,3.3289937137189214
1386,3.3289937137189214
1387,3.3239872786432
1388,3.3213092391537207
1389,3.31317908993331
1390,3.312888290652002
1391,3.3094618071385615
1392,3.3094618071385615
1393,3.303357228031214
1394,3.3021728742424115
1395,3.3016121553080873
1396,3.3016121553080873
1397,3.2975211344784325
1398,3.293664942213063
1399,3.2893874725010153
1400,3.288438019058495
1401,3.2858380814029258
1402,3.2858380814029258
1403,3.282689737007258
1404,3.282689737007258
1405,3.2823789277197553
1406,3.2823323667564015
1407,3.280928509136076
1408,3.2803709666983667
1409,3.2733285484995807
1410,3.2733285484995807
1411,3.263060130898573
1412,3.2609878925604296
1413,3.254240414601412
1414,3.2475548061087296
1415,3.243934249474593
1416,3.2415653717704433
1417,3.2327940746255366
1418,3.231657595817767
1419,3.231480515548931
1420,3.216831391239646
1421,3.215323386357197
1422,3.2108737934334486
1423,3.2042140080936012
1424,3.2032654876263003
1425,3.2032654876263003
1426,3.191343478149281
1427,3.1884033651406463
1428,3.1881945153254225
1429,3.18464466927521
1430,3.18464466927521
1431,3.1776096475785263
1432,3.1748172508666057
1433,3.17065292840136
1434,3.1608607955793935
1435,3.1578756462405715
1436,3.1522075879061577
1437,3.1510123862226296
1438,3.1471735676315045
1439,3.1435610764035613
1440,3.1435610764035613
1441,3.141354332330315
1442,3.1279497273505616
1443,3.1274586534043856
1444,3.1097389778402103
1445,3.1094741231918492
1446,3.0913640653087753
1447,3.080790089415934
1448,3.0785112688870346
1449,3.0772596845760245
1450,3.0768107158969626
1451,3.076588868698268
1452,3.068967620780561
1453,3.0686929308871624
1454,3.066498349881364
1455,3.066498349881364
1456,3.066219517657487
1457,3.066095657287227
1458,3.060440149941357
1459,3.0545850048496455
1460,3.0545850048496455
1461,3.0498066975592617
1462,3.041723723886484
1463,3.041723723886484
1464,3.0376428936194455
1465,3.0376428936194455
1466,3.0329328808086955
1467,3.0329328808086955
1468,3.029396170838027
1469,3.029396170838027
1470,3.008399051612103
1471,3.007560180603473
1472,3.0021830421840643
1473,2.996487276618774
1474,2.9961047435300503
1475,2.9881386453328336
1476,2.9881386453328336
1477,2.9862751193779196
1478,2.983336702528307
1479,2.9809337536775766
1480,2.9809337536775766
1481,2.976493601173203
1482,2.9701315223987854
1483,2.9688669471632916
1484,2.9672501942145386
1485,2.9666729565554237
1486,2.96620212242613
1487,2.9651920489958816
1488,2.9515667493901283
1489,2.9515667493901283
1490,2.938852644673025
1491,2.938824305060407
1492,2.938824305060407
1493,2.9266688276136517
1494,2.926251932544924
1495,2.925226557788958
1496,2.921548472749579
1497,2.921548472749579
1498,2.921451528515209
1499,2.913388108728063
1500,2.9080284535447745
1501,2.90705334782199
1502,2.906615933130774
1503,2.8862580274580134
1504,2.8810900863632254
1505,2.8742349210422558
1506,2.8742349210422558
1507,2.8703122260609084
1508,2.8684632038767304
1509,2.8615209754601203
1510,2.858104075881126
1511,2.855204366351472
1512,2.8535805654162876
1513,2.851549812490332
1514,2.8496768289870116
1515,2.8489397172709885
1516,2.848625957549472
1517,2.835176351963191
1518,2.835176351963191
1519,2.8340361507221234
1520,2.8329404662444397
1521,2.8329404662444397
1522,2.8251341949782547
1523,2.820678612339176
1524,2.8179194694381793
1525,2.8120729605738117
1526,2.810417420807619
1527,2.8091500252264767
1528,2.807629398772329
1529,2.807629398772329
1530,2.797216208962333
1531,2.7935723366508274
1532,2.774104713237287
1533,2.7582530166791677
1534,2.7481300267021194
1535,2.7470746777005375
1536,2.7387291719685254
1537,2.7303058161018066
1538,2.720169774742467
1539,2.7114742135867753
1540,2.710551244044349
1541,2.705667111016444
1542,2.7031706549157697
1543,2.6941226217446723
1544,2.692108495332864
1545,2.692108495332864
1546,2.691315902015832
1547,2.6911040454766635
1548,2.687879601745808
1549,2.687879601745808
1550,2.669894650741516
1551,2.6691030621155756
1552,2.6691030621155756
1553,2.6674651849176962
1554,2.666269941513077
1555,2.6548499116403494
1556,2.6468663345747148
1557,2.6321892515241228
1558,2.630909325740819
1559,2.6266817045644473
1560,2.6240990807134836
1561,2.616387504895182
1562,2.6154048613296204
1563,2.6147313056862975
1564,2.6147313056862975
1565,2.611995558206785
1566,2.611995558206785
1567,2.6116500163795724
1568,2.611006075988613
1569,2.611006075988613
1570,2.607088002751597
1571,2.6018093039431194
1572,2.6013220929649528
1573,2.6002639574450144
1574,2.6001040588953215
1575,2.5944312333024966
1576,2.591317570946991
1577,2.5909200204240355
1578,2.5909200204240355
1579,2.5902039828351646
1580,2.590005243776378
1581,2.590005243776378
1582,2.58895933325253
1583,2.5828980884648134
1584,2.581700967936739
1585,2.5803557236196633
1586,2.5798420247201075
1587,2.5696279210134927
1588,2.562759297177676
1589,2.557434096850978
1590,2.5511526337703936
1591,2.546272270119692
1592,2.5435888507036886
1593,2.5431743662379627
1594,2.5406914090566826
1595,2.5394059091559438
1596,2.5394059091559438
1597,2.536137093616349
1598,2.5272972343942404
1599,2.52150055113452
1600,2.5185893263833696
1601,2.5185893263833696
1602,2.5155254177233024
1603,2.5155254177233024
1604,2.5149101729327277
1605,2.5143189509955985
1606,2.5117451444737178
1607,2.508979018387177
1608,2.508667324717444
1609,2.508667324717444
1610,2.5072604752519703
1611,2.5052149934565286
1612,2.5041663570856025
1613,2.497562774475455
1614,2.497193602844783
1615,2.4964462590035854
1616,2.494703258236536
1617,2.493825674931712
1618,2.4937579497545057
1619,2.490561502401336
1620,2.4873582109744237
1621,2.486622170948947
1622,2.4864408460172096
1623,2.4801798502115484
1624,2.472949016398544
1625,2.4640234489459845
1626,2.460358365982126
1627,2.4576566457281306
1628,2.4507618893213325
1629,2.4507618893213325
1630,2.4437599028279906
1631,2.436792973767407
1632,2.4342493261157774
1633,2.432491084456898
1634,2.4320096446753316
1635,2.4286892144356043
1636,2.4265746845123637
1637,2.423993845433769
1638,2.423993845433769
1639,2.4183876042678047
1640,2.4172682834659334
1641,2.416506326546816
1642,2.416506326546816
1643,2.404828542034125
1644,2.3963865701394598
1645,2.395853552567163
1646,2.394986800496211
1647,2.394986800496211
1648,2.390846609390873
1649,2.3904422878518687
1650,2.3899522205543757
1651,2.383398556864613
1652,2.382006800392988
1653,2.382006800392988
1654,2.380768236911521
1655,2.377221488518994
1656,2.376747119960461
1657,2.375315576114696
1658,2.375315576114696
1659,2.3714044353613186
1660,2.3646843504634654
1661,2.3609806404846596
1662,2.3531371858283547
1663,2.3530919083993127
1664,2.3530919083993127
1665,2.351165463838344
1666,2.3418268327168037
1667,2.3389567350604943
1668,2.338046548499463
1669,2.3377298610022788
1670,2.3366038713287867
1671,2.3313656862904493
1672,2.3313656862904493
1673,2.3296046874910115
1674,2.3281827889391535
1675,2.320733685863738
1676,2.314200096465151
1677,2.3120378090044196
1678,2.3012402527989004
1679,2.278335780435118
1680,2.27206662079916
1681,2.2681130725967797
1682,2.2656940220281276
1683,2.2632119878420704
1684,2.2598756070925976
1685,2.2528992517888256
1686,2.251443164968064
1687,2.2476723369078138
1688,2.247335828039992
1689,2.247041427956304
1690,2.244478138717316
1691,2.2432617658700447
1692,2.238360702699018
1693,2.2339567309006934
1694,2.2329712738391283
1695,2.2325545748950204
1696,2.23137847475311
1697,2.231320833331981
1698,2.227507782061838
1699,2.2163308697559336
1700,2.2162760952563434
1701,2.2095065796065367
1702,2.204590070001836
1703,2.2002700937841313
1704,2.1935012141131893
1705,2.192513204103173
1706,2.192513204103173
1707,2.190952993698731
1708,2.190952993698731
1709,2.189043871544673
1710,2.186623185986041
1711,2.183006956979585
1712,2.183006956979585
1713,2.1820799073876564
1714,2.160323451215447
1715,2.1566283707272103
1716,2.1556827660675397
1717,2.153879191191108
1718,2.153879191191108
1719,2.150260942954347
1720,2.150260942954347
1721,2.145101261470701
1722,2.142755043916577
1723,2.137470872835797
1724,2.135363205753287
1725,2.135339328193228
1726,2.131693435681431
1727,2.131693435681431
1728,2.123412457904354
1729,2.1138274375087125
1730,2.1138274375087125
1731,2.1133404963476212
1732,2.110728570603252
1733,2.102560587183925
1734,2.0993102672130224
1735,2.0993102672130224
1736,2.094822630023845
1737,2.0906656343516765
1738,2.0894303840231125
1739,2.088262985876886
1740,2.088262985876886
1741,2.0867748663699284
1742,2.0866102106382693
1743,2.0828997858285305
1744,2.0828997858285305
1745,2.078360154981217
1746,2.078360154981217
1747,2.0780364415332975
1748,2.073094391988064
1749,2.0730124959054996
1750,2.0730124959054996
1751,2.0706498354217096
1752,2.066179598798507
1753,2.065126408484573
1754,2.0567974531743376
1755,2.0542203724019275
1756,2.0494785318046596
1757,2.046282333077811
1758,2.046282333077811
1759,2.0447303221996482
1760,2.043029574597194
1761,2.0308755269958314
1762,2.029220065829376
1763,2.0251374299566893
1764,2.0251374299566893
1765,2.0250613198695944
1766,2.0212353888795453
1767,2.0212353888795453
1768,2.021051371635011
1769,2.021051371635011
1770,2.0123307247449667
1771,2.0123307247449667
1772,2.0043369526482233
1773,1.9997022429977707
1774,1.9996179454546623
1775,1.99043977520547
1776,1.99043977520547
1777,1.984993930300205
1778,1.9794168497355589
1779,1.9721016448745121
1780,1.9674499598074173
1781,1.9666953753977163
1782,1.9649634408302217
1783,1.9649634408302217
1784,1.9643361962988108
1785,1.9636384790817603
1786,1.9636384790817603
1787,1.9584137636018286
1788,1.9584137636018286
1789,1.9573484667109584
1790,1.955993091882995
1791,1.955097726982567
1792,1.9516760001354854
1793,1.9450307623406065
1794,1.9446710929433006
1795,1.9416416915624288
1796,1.9387283595413844
1797,1.93512436457493
1798,1.93512436457493
1799,1.9297540666190245
1800,1.9275839760842621
1801,1.926886015929239
1802,1.9224408450658859
1803,1.9224408450658859
1804,1.9211937981669966
1805,1.9211937981669966
1806,1.9199691410056607
1807,1.9199691410056607
1808,1.9169037646255918
1809,1.9142588935238893
1810,1.9128871920209964
1811,1.912080069987608
1812,1.912080069987608
1813,1.9111184628009248
1814,1.9111184628009248
1815,1.9074901180390966
1816,1.906955831581344
1817,1.9062435041436785
1818,1.9062435041436785
1819,1.9028981173447297
1820,1.9027565987078627
1821,1.901197947200403
1822,1.8973285145756713
1823,1.8949820284122327
1824,1.8949820284122327
1825,1.8931198669467855
1826,1.884133332530115
1827,1.884133332530115
1828,1.8767350074075948
1829,1.8767350074075948
1830,1.8697704877466188
1831,1.8679022249350303
1832,1.8664353864321905
1833,1.8656872569216878
1834,1.8648984916642732
1835,1.8620037730223797
1836,1.8611554069477698
1837,1.8611554069477698
1838,1.8603875594176895
1839,1.8598849041592798
1840,1.8598849041592798
1841,1.8552736344174394
1842,1.8552736344174394
1843,1.8546066466454252
1844,1.8546066466454252
1845,1.8519398703757786
1846,1.8519398703757786
1847,1.8378563251327829
1848,1.8359956432994817
1849,1.8351788737283945
1850,1.8346594963322824
1851,1.8329830193776382
1852,1.832014068494716
1853,1.831817452549055
1854,1.830433915222798
1855,1.8253733396306009
1856,1.8200995562472462
1857,1.8200995562472462
1858,1.8196038711863527
1859,1.8196038711863527
1860,1.8134808399419273
1861,1.8031559995608888
1862,1.8025869751268084
1863,1.8025869751268084
1864,1.8008910564908367
1865,1.8008910564908367
1866,1.8006422633679229
1867,1.7945608943995228
1868,1.7917102303649532
1869,1.7917102303649532
1870,1.7912757232053371
1871,1.7887992934892027
1872,1.7887992934892027
1873,1.7878157133745773
1874,1.7766224193864748
1875,1.7723744766327563
1876,1.7718137547936335
1877,1.7704056235995322
1878,1.7685384320674244
1879,1.7675397994741022
1880,1.7675397994741022
1881,1.7643579031096612
1882,1.745650431419468
1883,1.7442923486547866
1884,1.7409805555639455
1885,1.737728692802702
1886,1.735301839973502
1887,1.735301839973502
1888,1.734536226595318
1889,1.734416759051691
1890,1.7325335168636284
1891,1.7250699518503256
1892,1.7231013140379885
1893,1.7216936301984156
1894,1.7106026953649631
1895,1.7088225838341313
1896,1.7088225838341313
1897,1.7069774738077286
1898,1.705929562491754
1899,1.705929562491754
1900,1.7056167176145045
1901,1.7049147620208112
1902,1.7042184257122157
1903,1.7042184257122157
1904,1.7040784416819859
1905,1.7007279233138035
1906,1.696528435351251
1907,1.696528435351251
1908,1.6964658044526773
1909,1.6929827758776401
1910,1.6903350149252456
1911,1.686884569066086
1912,1.683614008272901
1913,1.683614008272901
1914,1.683477825005981
1915,1.678324643526562
1916,1.6782716998419418
1917,1.6777046493614995
1918,1.6741343992276887
1919,1.674010479570536
1920,1.6658782677925221
1921,1.6658782677925221
1922,1.6614310711316653
1923,1.6614310711316653
1924,1.6589191796778122
1925,1.6486705729883915
1926,1.6471048900522605
1927,1.6471048900522605
1928,1.643415475763053
1929,1.643415475763053
1930,1.6429128678011966
1931,1.6389483474614797
1932,1.638823081109299
1933,1.638823081109299
1934,1.6378612860144994
1935,1.6361729665223712
1936,1.6361729665223712
1937,1.6361401445085222
1938,1.63578851324025
1939,1.634727096624179
1940,1.634727096624179
1941,1.631937540392916
1942,1.6316452898092948
1943,1.629743727999851
1944,1.6284863783726131
1945,1.6284863783726131
1946,1.6268678710163704
1947,1.6247472309555768
1948,1.6246122889033932
1949,1.623505956791775
1950,1.6216875167077456
1951,1.6198958133400907
1952,1.6185383403573466
1953,1.615382967844145
1954,1.6151729601966032
1955,1.6151729601966032
1956,1.6143389925380365
1957,1.613825111963039
1958,1.613825111963039
1959,1.6113002793632185
1960,1.6113002793632185
1961,1.6099188293420312
1962,1.6081037784340548
1963,1.6025564410937916
1964,1.6025564410937916
1965,1.5957326419661342
1966,1.5947886278696726
1967,1.590496170841683
1968,1.5899965661897881
1969,1.589682286815783
1970,1.5866923028612934
1971,1.5771283663203683
1972,1.5759385505520689
1973,1.573335132848663
1974,1.5719602195697007
1975,1.5625619573213279
1976,1.5521626581526538
1977,1.5419849329969944
1978,1.5419849329969944
1979,1.534478015758951
1980,1.5344190775886883
1981,1.5315122074903116
1982,1.5313352888941139
1983,1.5299777293498318
1984,1.5273851431169423
1985,1.5273851431169423
1986,1.520497580845775
1987,1.5157829863872048
1988,1.5061269471956813
1989,1.5022873935758752
1990,1.5009390831289025
1991,1.4948904485151218
1992,1.4900489212240828
1993,1.4900489212240828
1994,1.4876646412148404
1995,1.4864293071872512
1996,1.48478090776689
1997,1.4843604909353616
1998,1.483915361730407
1999,1.481303282564884
2000,1.481303282564884
2001,1.4783601232248282
2002,1.475991267927613
2003,1.475991267927613
2004,1.4749952907928687
2005,1.4731308952102742
2006,1.4731308952102742
2007,1.472062102311165
2008,1.4719923489773747
2009,1.464580747326638
2010,1.4622347128017468
2011,1.4607497077293867
2012,1.4580420591653156
2013,1.4579640675655081
2014,1.4579640675655081
2015,1.4551366678813515
2016,1.4549164258061233
2017,1.4549164258061233
2018,1.4519331956730752
2019,1.4511371110328697
2020,1.44852374526309
2021,1.44852374526309
2022,1.4466466824915358
2023,1.4466466824915358
2024,1.442605774706933
2025,1.442605774706933
2026,1.4410355219523714
2027,1.4409145153413347
2028,1.4386628311688718
2029,1.433469949949417
2030,1.4300732634923525
2031,1.4211604494384096
2032,1.4211604494384096
2033,1.4186641406284626
2034,1.4186641406284626
2035,1.4180475275009308
2036,1.4127170855348938
2037,1.4127170855348938
2038,1.4087371188668776
2039,1.407833348688276
2040,1.407833348688276
2041,1.4064689907926673
2042,1.4043634860014245
2043,1.401056075721466
2044,1.3968393055590314
2045,1.3968393055590314
2046,1.3954410674880728
2047,1.3907491925085902
2048,1.3877651192265015
2049,1.386671799313256
2050,1.3859970951724478
2051,1.3855824160282015
2052,1.3846001654314355
2053,1.3820354684164677
2054,1.3764086560429625
2055,1.37386786746088
2056,1.3666107239556773
2057,1.3665462467385572
2058,1.3637171310727734
2059,1.3575672185324417
2060,1.3575672185324417
2061,1.3534756429787085
2062,1.3466337686922036
2063,1.3466337686922036
2064,1.3447261704842957
2065,1.3441870104294178
2066,1.338514458873179
2067,1.3279431391314158
2068,1.3268544375523497
2069,1.3266015706944618
2070,1.3248806058535936
2071,1.323203858815003
2072,1.3188522347416025
2073,1.3178063727449498
2074,1.3143693600225816
2075,1.3143693600225816
2076,1.3127478737728187
2077,1.3106270438585823
2078,1.303457945953833
2079,1.294916969920388
2080,1.2941599803450115
2081,1.2927396382217322
2082,1.2927396382217322
2083,1.2894359636782455
2084,1.2894359636782455
2085,1.285716973049042
2086,1.2852871533000336
2087,1.2843132050098776
2088,1.280759526074718
2089,1.280759526074718
2090,1.2776958777779497
2091,1.2705369300924545
2092,1.266956660259808
2093,1.2629174673645118
2094,1.2629174673645118
2095,1.2608036384131678
2096,1.2608036384131678
2097,1.2595534323109328
2098,1.255778383708485
2099,1.255778383708485
2100,1.2529500525915098
2101,1.2520377487063419
2102,1.2520377487063419
2103,1.2517912537110223
2104,1.2517912537110223
2105,1.243653174018525
2106,1.2428066094190706
2107,1.2359350564812581
2108,1.2342708879001731
2109,1.2340357637220913
2110,1.2339981298091751
2111,1.2333527665105286
2112,1.2333527665105286
2113,1.2270726093894853
2114,1.2245940876491272
2115,1.2217407222313157
2116,1.2194917403912204
2117,1.2185777529314192
2118,1.21689419889345
2119,1.2139328480228062
2120,1.2121458906266145
2121,1.2092451307302423
2122,1.2042004922119045
2123,1.1993516441713334
2124,1.180105853955332
2125,1.180105853955332
2126,1.1788667653043396
2127,1.1769743076681431
2128,1.1708508774480053
2129,1.1701771898011482
2130,1.1701771898011482
2131,1.1663965736132433
2132,1.1644167381851735
2133,1.1628507309864373
2134,1.1586508446138692
2135,1.1568401591218451
2136,1.1445614602326808
2137,1.1423210271536293
2138,1.1423210271536293
2139,1.1397588909690655
2140,1.1397588909690655
2141,1.138881196329013
2142,1.1341708405941
2143,1.1339103061445346
2144,1.1330269508022939
2145,1.132781876740113
2146,1.129958207708344
2147,1.129958207708344
2148,1.1295762335164934
2149,1.1171861791025604
2150,1.1145178119324257
2151,1.1133921840587868
2152,1.1131964672999108
2153,1.111982432844243
2154,1.111772345177763
2155,1.111772345177763
2156,1.110897636337871
2157,1.1036507807079636
2158,1.1015129563058332
2159,1.0898908403167176
2160,1.0894681749179633
2161,1.086298035920919
2162,1.086298035920919
2163,1.0849946611682777
2164,1.0849946611682777
2165,1.0835502391172243
2166,1.0812037962142325
2167,1.0742852494678168
2168,1.0736476317658292
2169,1.0723134763423294
2170,1.0704068604664372
2171,1.0704068604664372
2172,1.0696457668719563
2173,1.0669945516061994
2174,1.0618742304372497
2175,1.060267982899612
2176,1.060267982899612
2177,1.057500852171959
2178,1.049739571989813
2179,1.049420048521903
2180,1.0488202056771805
2181,1.0463015050842361
2182,1.0439489026432507
2183,1.041155648220318
2184,1.041155648220318
2185,1.0406030858761317
2186,1.0406030858761317
2187,1.0389563622669067
2188,1.0383335854143518
2189,1.0354846800853137
2190,1.0354846800853137
2191,1.0296667263788686
2192,1.0296667263788686
2193,1.0296667263788686
2194,1.0293686829938058
2195,1.0237589618685088
2196,1.023268151709997
2197,1.0217634698572609
2198,1.0217634698572609
2199,1.020263021005504
2200,1.008375512628425
2201,1.008375512628425
2202,1.0079613053942422
2203,1.0079613053942422
2204,1.0063209746732251
2205,1.003586408786609
2206,0.999281112306988
2207,0.997457526944652
2208,0.997457526944652
2209,0.9972611841893175
2210,0.9954889534438813
2211,0.9954889534438813
2212,0.9948440598829542
2213,0.9948440598829542
2214,0.9919618189834616
2215,0.9903145426615891
2216,0.9868580540584494
2217,0.9868580540584494
2218,0.9768671690770275
2219,0.9757274234950588
2220,0.9757274234950588
2221,0.9748845303314105
2222,0.9673988892532693
2223,0.9572624634162202
2224,0.9501526856026641
2225,0.9501526856026641
2226,0.9488161626273662
2227,0.9485104755808758
2228,0.9485104755808758
2229,0.9474233645040241
2230,0.9445988097827288
2231,0.9445974085725207
2232,0.9445974085725207
2233,0.9435471114994056
2234,0.9423964657114023
2235,0.941546371789826
2236,0.9342614560168014
2237,0.9342614560168014
2238,0.9337000970651355
2239,0.9337000970651355
2240,0.9319454603582298
2241,0.927572817095603
2242,0.9247034501732654
2243,0.9247034501732654
2244,0.9243368285099339
2245,0.9239952707559548
2246,0.9232441258559959
2247,0.9232441258559959
2248,0.9221194842686244
2249,0.9212311167482831
2250,0.9203382956756795
2251,0.9193381671423976
2252,0.919144764444166
2253,0.9155918293730453
2254,0.9145073669630448
2255,0.9145073669630448
2256,0.9144440247817538
2257,0.9132369161661398
2258,0.913140038527948
2259,0.90707212146077
2260,0.90707212146077
2261,0.9060912989979577
2262,0.9060912989979577
2263,0.905684173059639
2264,0.9044196918448792
2265,0.9043086723673499
2266,0.904224624910522
2267,0.9024101232111524
2268,0.9010865000737223
2269,0.8944686628878272
2270,0.8935919337900107
2271,0.8904034978265069
2272,0.8875564196333185
2273,0.8875564196333185
2274,0.884225286141345
2275,0.8800052584552545
2276,0.8673853660237741
2277,0.8669403324636273
2278,0.8625802018926935
2279,0.8619793055463622
2280,0.8571809353792174
2281,0.8521010115622032
2282,0.8521010115622032
2283,0.8492400159335287
2284,0.8475200898644452
2285,0.8421062567454369
2286,0.8403264130737487
2287,0.8403264130737487
2288,0.8399255756964125
2289,0.8332713594399004
2290,0.8313584015333793
2291,0.8306665609408712
2292,0.8306665609408712
2293,0.8287948400609658
2294,0.8287948400609658
2295,0.8282498312925748
2296,0.8282498312925748
2297,0.8272950106146784
2298,0.8196074549766981
2299,0.8196074549766981
2300,0.8164006659470382
2301,0.8164006659470382
2302,0.8153477494179198
2303,0.8148524733121638
2304,0.8147267087106492
2305,0.8144883284806101
2306,0.8142263737305511
2307,0.8131329981716614
2308,0.8097343914211513
2309,0.8074299353037794
2310,0.8036329700022846
2311,0.8034149239066193
2312,0.8018321118738777
2313,0.8017814382458555
2314,0.8017814382458555
2315,0.8001828592410435
2316,0.8001828592410435
2317,0.7976903283172986
2318,0.7976903283172986
2319,0.7974357233259637
2320,0.7974357233259637
2321,0.7937147239087446
2322,0.7910992556473622
2323,0.7892522124809166
2324,0.7892522124809166
2325,0.7829460344947872
2326,0.7809709004956767
2327,0.7809709004956767
2328,0.7808624978505004
2329,0.7786360387504575
2330,0.7786360387504575
2331,0.7693565263044803
2332,0.7693565263044803
2333,0.7662480395241887
2334,0.7655575150338192
2335,0.7648766737418868
2336,0.7648320308464355
2337,0.7617176750894673
2338,0.7593510970954209
2339,0.7581022469428836
2340,0.7565322191512053
2341,0.7528144518739379
2342,0.7520001849670758
2343,0.7517629770180265
2344,0.7491924406423203
2345,0.7481423780795713
2346,0.7481423780795713
2347,0.7481203547876121
2348,0.7481203547876121
2349,0.7457765087569597
2350,0.7430083748889479
2351,0.7430083748889479
2352,0.7407082051947156
2353,0.7393234892703615
2354,0.7365534433028319
2355,0.7365534433028319
2356,0.7326865111841743
2357,0.7317624245063988
2358,0.7317624245063988
2359,0.7307336756273398
2360,0.7307336756273398
2361,0.7264980160415171
2362,0.726057754317397
2363,0.7221150105578352
2364,0.7217941950356603
2365,0.7197491851053166
2366,0.7197491851053166
2367,0.7193079001941637
2368,0.7193079001941637
2369,0.7155071525473418
2370,0.7145560803701841
2371,0.7096672392165461
2372,0.7090259305226381
2373,0.708595646390022
2374,0.7038681909443297
2375,0.7038681909443297
2376,0.7011101379606118
2377,0.7011101379606118
2378,0.7007683544394758
2379,0.6985595217164017
2380,0.6937168165767684
2381,0.6937168165767684
2382,0.6886242780943987
2383,0.6872770659789897
2384,0.6860563505307432
2385,0.6860563505307432
2386,0.6851874903732302
2387,0.6845510462397306
2388,0.6845510462397306
2389,0.6843268410466841
2390,0.6805321688382667
2391,0.6781435760986859
2392,0.6705216768567702
2393,0.6678225531265164
2394,0.6678225531265164
2395,0.6677004072583468
2396,0.6672720805895082
2397,0.6665862239997238
2398,0.6665862239997238
2399,0.6637764256950224
2400,0.6625589217594036
2401,0.6611340095704412
2402,0.6611340095704412
2403,0.660394314132334
2404,0.6581772458202989
2405,0.6577970225486341
2406,0.6577970225486341
2407,0.653224422902367
2408,0.6531478017675857
2409,0.6518622750328139
2410,0.6428282941554841
2411,0.6423862186052524
2412,0.6423862186052524
2413,0.6344770089220142
2414,0.6344770089220142
2415,0.6336306967622939
2416,0.6324699122720195
2417,0.6324699122720195
2418,0.630501454954101
2419,0.630501454954101
2420,0.6271784317409137
2421,0.6262011002141915
2422,0.6230822220198178
2423,0.6230822220198178
2424,0.6228284112618913
2425,0.6228284112618913
2426,0.620603089298885
2427,0.6203046992544269
2428,0.6173544603623564
2429,0.6173544603623564
2430,0.6139285696349853
2431,0.6136482152523342
2432,0.6046456173146578
2433,0.600799946060243
2434,0.6006090765156095
2435,0.6006090765156095
2436,0.5999539957807328
2437,0.5988504076465039
2438,0.5986365477035405
2439,0.598542115649729
2440,0.598542115649729
2441,0.5974853519803587
2442,0.5974853519803587
2443,0.5935503917553819
2444,0.5876975266528458
2445,0.5876975266528458
2446,0.5863808813848663
2447,0.5855069766663777
2448,0.5849433668371541
2449,0.5845475993658459
2450,0.5801179374009198
2451,0.5770781135999038
2452,0.5770781135999038
2453,0.5756491089188485
2454,0.5730916238827968
2455,0.5705532897149487
2456,0.5705532897149487
2457,0.5624848879417862
2458,0.5604525719794372
2459,0.5604525719794372
2460,0.5559886481590735
2461,0.5548526264306215
2462,0.552733324020546
2463,0.5517426939590762
2464,0.5517426939590762
2465,0.5498997454518499
2466,0.5475843529063267
2467,0.5475843529063267
2468,0.5470822390454982
2469,0.5455347878320663
2470,0.5430757326461696
2471,0.5428435574153415
2472,0.5417982745317422
2473,0.5401760144888592
2474,0.5390012256229504
2475,0.5347104825301618
2476,0.5347104825301618
2477,0.5346779974250481
2478,0.5346779974250481
2479,0.5337880226176336
2480,0.5245335229812318
2481,0.5217444630970093
2482,0.5217444630970093
2483,0.521615028747927
2484,0.521615028747927
2485,0.5187139124413561
2486,0.5185786699327916
2487,0.5181460733540341
2488,0.5170433835972653
2489,0.5170433835972653
2490,0.5131295899522849
2491,0.5131295899522849
2492,0.5107280943201091
2493,0.5058531973992084
2494,0.5053700734973073
2495,0.5053700734973073
2496,0.5047871810382085
2497,0.5040934387737843
2498,0.5027897762147214
2499,0.5024369157842357
2500,0.49965711319678796
2501,0.4980665231600587
2502,0.4980665231600587
2503,0.4965515703861339
2504,0.4957495786684817
2505,0.4957495786684817
2506,0.49324348617450775
2507,0.49275471902655915
2508,0.49203933992205445
2509,0.49148245753629094
2510,0.4903210587647564
2511,0.4903210587647564
2512,0.4885389735483596
2513,0.48694602344362015
2514,0.48694602344362015
2515,0.48615160626578513
2516,0.4826565380363191
2517,0.48222157558707784
2518,0.48222157558707784
2519,0.48210891918041787
2520,0.48210891918041787
2521,0.4800998643012123
2522,0.4800998643012123
2523,0.479545823960779
2524,0.479545823960779
2525,0.47864699739978767
2526,0.47864699739978767
2527,0.4768423716777097
2528,0.4737235577496139
2529,0.4734249613206322
2530,0.4711927510356401
2531,0.4691585504144397
2532,0.4646146718860518
2533,0.4611739874307015
2534,0.4611739874307015
2535,0.4596482655986116
2536,0.4596482655986116
2537,0.4592881989887309
2538,0.4592881989887309
2539,0.4591893011186102
2540,0.4582315820523931
2541,0.4582315820523931
2542,0.45465208105715266
2543,0.4534518370768242
2544,0.4534518370768242
2545,0.45255354042433876
2546,0.45255354042433876
2547,0.4506237129238657
2548,0.4506237129238657
2549,0.4497895471913226
2550,0.4495461374559876
2551,0.448119448168372
2552,0.4472673254188299
2553,0.4472673254188299
2554,0.44721189693818736
2555,0.44616478407468035
2556,0.44616478407468035
2557,0.4446450466546139
2558,0.4441406100769296
2559,0.4441406100769296
2560,0.44394765585402524
2561,0.44394765585402524
2562,0.4437280219846506
2563,0.4437280219846506
2564,0.4379901606366291
2565,0.4379901606366291
2566,0.4356182760172654
2567,0.4341922531388994
2568,0.4341922531388994
2569,0.43226059949673096
2570,0.4321483980834614
2571,0.4305535688375744
2572,0.42990364254088254
2573,0.42982803612130965
2574,0.4284891760181646
2575,0.4250132542338846
2576,0.4235665194204742
2577,0.4235665194204742
2578,0.4212169766946128
2579,0.4212169766946128
2580,0.4199485534513225
2581,0.4196478595612476
2582,0.4196478595612476
2583,0.4190776843480707
2584,0.4190776843480707
2585,0.4189282626094067
2586,0.41859881900430507
2587,0.4118942274233249
2588,0.4109239595719344
2589,0.4109239595719344
2590,0.4080677743438086
2591,0.4080677743438086
2592,0.40598599052828416
2593,0.4057124086687266
2594,0.40535414519611584
2595,0.40535414519611584
2596,0.4048178833847
2597,0.4048178833847
2598,0.40354012887700236
2599,0.40325481329017304
2600,0.40325481329017304
2601,0.4022033044428596
2602,0.4022033044428596
2603,0.4022023469247136
2604,0.4022023469247136
2605,0.397033173676556
2606,0.39525426946940234
2607,0.39525426946940234
2608,0.3934566311151029
2609,0.39114104576973324
2610,0.3906815391839825
2611,0.3890716071837165
2612,0.3890716071837165
2613,0.3874598516101031
2614,0.3874598516101031
2615,0.387092209318256
2616,0.3869994569452774
2617,0.38657720028300024
2618,0.38572983804003175
2619,0.38520650428567854
2620,0.38520650428567854
2621,0.38278263338762963
2622,0.382072478171924
2623,0.382072478171924
2624,0.38170975881295965
2625,0.38170975881295965
2626,0.38078697892714697
2627,0.3799499519189428
2628,0.3784184594140428
2629,0.37781467991701656
2630,0.37781467991701656
2631,0.37773258681640226
2632,0.37773258681640226
2633,0.37259846114595413
2634,0.37196311378155555
2635,0.36696343341243254
2636,0.36583603139499293
2637,0.36583603139499293
2638,0.364795753985008
2639,0.364795753985008
2640,0.3647301877443885
2641,0.36339402007411703
2642,0.36099228279327367
2643,0.36093799361184353
2644,0.36036879516051545
2645,0.3571729250330033
2646,0.3571729250330033
2647,0.3560124311235355
2648,0.3560124311235355
2649,0.3540619231422853
2650,0.3539449692323618
2651,0.3535131066864697
2652,0.35276165200124865
2653,0.3509046990320992
2654,0.3489224086611343
2655,0.3489224086611343
2656,0.3482717456355744
2657,0.3482717456355744
2658,0.3476296250473748
2659,0.34692943174828517
2660,0.34692943174828517
2661,0.34568334071654844
2662,0.3443307806584453
2663,0.3440066566332665
2664,0.3440066566332665
2665,0.34256898043778533
2666,0.34256898043778533
2667,0.34189007738335114
2668,0.33995263255205344
2669,0.33722380234588095
2670,0.33722380234588095
2671,0.3369272230116576
2672,0.3369272230116576
2673,0.3358226886434528
2674,0.3356212821595176
2675,0.3341454334106051
2676,0.3341454334106051
2677,0.3341343237065789
2678,0.3322020344472128
2679,0.3322020344472128
2680,0.331749910515732
2681,0.33141377745522854
2682,0.3310694740716604
2683,0.3310694740716604
2684,0.3294273797531438
2685,0.32884086569102783
2686,0.32884086569102783
2687,0.32858766823498703
2688,0.32796888369591876
2689,0.3229362440558335
2690,0.32220299487472737
2691,0.3212224272913361
2692,0.3212224272913361
2693,0.3187001637619202
2694,0.31412407578500967
2695,0.31412407578500967
2696,0.3109762051672938
2697,0.3109762051672938
2698,0.3105498183725975
2699,0.3089129422528958
2700,0.3089129422528958
2701,0.3080113532357049
2702,0.3080113532357049
2703,0.3076708794457527
2704,0.3074184452546173
2705,0.3074184452546173
2706,0.3072587437348955
2707,0.3050814625497342
2708,0.3047115322664516
2709,0.30467028861485984
2710,0.3038433102666413
2711,0.3035914497849886
2712,0.30321181289098337
2713,0.3014853239031392
2714,0.3014853239031392
2715,0.29915499735464135
2716,0.29915499735464135
2717,0.2987162495954278
2718,0.2981997323759968
2719,0.29692887621066877
2720,0.29692887621066877
2721,0.2959767604332443
2722,0.2959767604332443
2723,0.294623922697522
2724,0.294623922697522
2725,0.29383849661247324
2726,0.2933955526967257
2727,0.2933955526967257
2728,0.29308431653221895
2729,0.29308431653221895
2730,0.29294638915591814
2731,0.29294638915591814
2732,0.2925584090281438
2733,0.2920515790161439
2734,0.2910723637883083
2735,0.2910723637883083
2736,0.2904969542663142
2737,0.2904969542663142
2738,0.28985747510053317
2739,0.28985747510053317
2740,0.2893936110182964
2741,0.2884785831347748
2742,0.2884785831347748
2743,0.28794604980637406
2744,0.28794604980637406
2745,0.28791648417654137
2746,0.2878478255094678
2747,0.2878478255094678
2748,0.2876889994657722
2749,0.28677420852275987
2750,0.28677420852275987
2751,0.28635098302198453
2752,0.28635098302198453
2753,0.2851784607437265
2754,0.2851784607437265
2755,0.28498061330400937
2756,0.28391730509354085
2757,0.2828798646447114
2758,0.2828798646447114
2759,0.28284820403482375
2760,0.2828263438373362
2761,0.28212449647589927
2762,0.2816712226763279
2763,0.2813051427497076
2764,0.2805550418562361
2765,0.2805550418562361
2766,0.2803237451475432
2767,0.2803237451475432
2768,0.27837240230610016
2769,0.27782154936812853
2770,0.27782154936812853
2771,0.27656347421396527
2772,0.2743968499468809
2773,0.27317509774920284
2774,0.27317509774920284
2775,0.2728346832795138
2776,0.27265074507525777
2777,0.27265074507525777
2778,0.27112693293144113
2779,0.27112693293144113
2780,0.27068820571761026
2781,0.2704117434354567
2782,0.27025285851816955
2783,0.27025285851816955
2784,0.2686235506191354
2785,0.2686235506191354
2786,0.26757406295442887
2787,0.2655834151172645
2788,0.2636963094865347
2789,0.2627014738826035
2790,0.2627014738826035
2791,0.26266231964343234
2792,0.26204946446976357
2793,0.2614874113774006
2794,0.2614874113774006
2795,0.261441006866123
2796,0.26042115428337365
2797,0.26042115428337365
2798,0.25907922425853935
2799,0.25880566725348364
2800,0.25712916533881924
2801,0.2548972708314805
2802,0.2548972708314805
2803,0.25466077159493594
2804,0.25466077159493594
2805,0.25359619306708486
2806,0.2531576778532301
2807,0.2531576778532301
2808,0.25244820492146225
2809,0.25143948204296646
2810,0.25143948204296646
2811,0.2513492749398973
2812,0.2513492749398973
2813,0.2502193342616302
2814,0.2502193342616302
2815,0.250004269618892
2816,0.24954963983987946
2817,0.24954963983987946
2818,0.24948866004897283
2819,0.24915226999146095
2820,0.24915226999146095
2821,0.24832500275019417
2822,0.24807691461407072
2823,0.2480578373198292
2824,0.2480578373198292
2825,0.24752722513583889
2826,0.24700080427899487
2827,0.24700080427899487
2828,0.24685648876306404
2829,0.24685648876306404
2830,0.24657933791426725
2831,0.24657933791426725
2832,0.24565485843382856
2833,0.24565485843382856
2834,0.2447000215912518
2835,0.24403404724931146
2836,0.2431339422255009
2837,0.24298248954082152
2838,0.2421121921135336
2839,0.2413706630637379
2840,0.2413706630637379
2841,0.24035279480361346
2842,0.24035279480361346
2843,0.24017189573144412
2844,0.24017189573144412
2845,0.23906284975090966
2846,0.23837683167159576
2847,0.23837683167159576
2848,0.23835740877436276
2849,0.23826166784229894
2850,0.23826166784229894
2851,0.23474570354419408
2852,0.23474570354419408
2853,0.2340023811541908
2854,0.2340023811541908
2855,0.23315179535180813
2856,0.2325466758585248
2857,0.2325466758585248
2858,0.23236905135093908
2859,0.23236905135093908
2860,0.23235292512586744
2861,0.23235292512586744
2862,0.23194990788280825
2863,0.23112129167816045
2864,0.23076944078522554
2865,0.23054636548640242
2866,0.22902296744630954
2867,0.22902296744630954
2868,0.22878609149169774
2869,0.22832153181293388
2870,0.22757286229498358
2871,0.22688727984619012
2872,0.22688727984619012
2873,0.22648330821422524
2874,0.22648330821422524
2875,0.22399744586525513
2876,0.22399744586525513
2877,0.2235554102095225
2878,0.22338180507394328
2879,0.22338180507394328
2880,0.2221763304635127
2881,0.22145557225578485
2882,0.22145557225578485
2883,0.22056001169024023
2884,0.21972218933736645
2885,0.21972218933736645
2886,0.21959543941454768
2887,0.2186382377575011
2888,0.2186382377575011
2889,0.21703487039756172
2890,0.21703487039756172
2891,0.21597653761304048
2892,0.21597653761304048
2893,0.2156442915824419
2894,0.2151620480480335
2895,0.2151620480480335
2896,0.21343855270471174
2897,0.2132294737257003
2898,0.2132294737257003
2899,0.2132294737257003
2900,0.21298881452850954
2901,0.21239053517384243
2902,0.21228104938484912
2903,0.2119999731482403
2904,0.21160154424691474
2905,0.21160154424691474
2906,0.21111379726264842
2907,0.21111379726264842
2908,0.2110765643105645
2909,0.21056289372267722
2910,0.20912757049151204
2911,0.20912757049151204
2912,0.20853969594975996
2913,0.2083004378517352
2914,0.20818856016898693
2915,0.20818856016898693
2916,0.2068938296880931
2917,0.2068938296880931
2918,0.20682896178017282
2919,0.20664450444671503
2920,0.20559508799749726
2921,0.20559508799749726
2922,0.2054883197700153
2923,0.2054883197700153
2924,0.204827037367352
2925,0.204827037367352
2926,0.2020015349389037
2927,0.20198552217191595
2928,0.20198552217191595
2929,0.20176372877943677
2930,0.2017283305771095
2931,0.20087211057316598
2932,0.20011729100988931
2933,0.1970118472420505
2934,0.1962562490860169
2935,0.19615022352931652
2936,0.19615022352931652
2937,0.19566814334530025
2938,0.19509650712061072
2939,0.19459337069009486
2940,0.19459112162853154
2941,0.19459112162853154
2942,0.19399365377602834
2943,0.19399365377602834
2944,0.19352054465766194
2945,0.19352054465766194
2946,0.19175103056206438
2947,0.19175103056206438
2948,0.19125756211688302
2949,0.19041632762666924
2950,0.19024222596462245
2951,0.18958623958361664
2952,0.1894896645289917
2953,0.1894896645289917
2954,0.18937199897016113
2955,0.18778815272264887
2956,0.18778815272264887
2957,0.1872239786648453
2958,0.1871016374313974
2959,0.1871016374313974
2960,0.18669768203069767
2961,0.18669768203069767
2962,0.1855120292864178
2963,0.1855120292864178
2964,0.18371163008205357
2965,0.18281926435966728
2966,0.18269233802180454
2967,0.1824015119185238
2968,0.18208151221451338
2969,0.18198284550261665
2970,0.18198284550261665
2971,0.18122480424882217
2972,0.18087031254938601
2973,0.18087031254938601
2974,0.18061211566531318
2975,0.1805422714637964
2976,0.1805422714637964
2977,0.18041325770641578
2978,0.17926853553078617
2979,0.17926853553078617
2980,0.17807711089697625
2981,0.1775892242605568
2982,0.1775892242605568
2983,0.17752770911667207
2984,0.1773526429158911
2985,0.1773526429158911
2986,0.17692158327678148
2987,0.17692158327678148
2988,0.17640803504754327
2989,0.1763918955883941
2990,0.17512531728805814
2991,0.17512531728805814
2992,0.1748623562271249
2993,0.17322015304152535
2994,0.17322015304152535
2995,0.17315676158738189
2996,0.17315676158738189
2997,0.17237494208855136
2998,0.17237494208855136
2999,0.17207907740113454
3000,0.17207907740113454
3001,0.17187137915867637
3002,0.17187137915867637
3003,0.17151160795077147
3004,0.17151160795077147
3005,0.1710603543272278
3006,0.17015301304409974
3007,0.1699310658456672
3008,0.1699310658456672
3009,0.16897850680922735
3010,0.16830817578326462
3011,0.16803198516220114
3012,0.16803198516220114
3013,0.16689046188308293
3014,0.16689046188308293
3015,0.16606004897545226
3016,0.1660498395053234
3017,0.1660498395053234
3018,0.1658015434395869
3019,0.16446040055103334
3020,0.16404891215212342
3021,0.16404891215212342
3022,0.16371085681303893
3023,0.16371085681303893
3024,0.16235528164921603
3025,0.16235528164921603
3026,0.16193092945228368
3027,0.16193092945228368
3028,0.16192603678947373
3029,0.16157167793109972
3030,0.1612759829430686
3031,0.16110059523363612
3032,0.16110059523363612
3033,0.16053458096702908
3034,0.16035272985389745
3035,0.16035272985389745
3036,0.15771935165900472
3037,0.15771935165900472
3038,0.15765831035641564
3039,0.15765831035641564
3040,0.15731468375172306
3041,0.15731468375172306
3042,0.15697208277454994
3043,0.15653233172485484
3044,0.15634909735858898
3045,0.15634909735858898
3046,0.15571785067137064
3047,0.15571785067137064
3048,0.1549794593402001
3049,0.15470891646943696
3050,0.15468012646864013
3051,0.15468012646864013
3052,0.15322377989960306
3053,0.15173658046417812
3054,0.15173658046417812
3055,0.15173658046417812
3056,0.15165849854753802
3057,0.1513683976216402
3058,0.1513683976216402
3059,0.15086757999015393
3060,0.15056479491372127
3061,0.15056479491372127
3062,0.14956508573874766
3063,0.1493086436786658
3064,0.1493086436786658
3065,0.1492733313688915
3066,0.1492733313688915
3067,0.14818304598183196
3068,0.1480044612825896
3069,0.14786590779054948
3070,0.14779737926045264
3071,0.14681261069233026
3072,0.1467692986761887
3073,0.1464317453236567
3074,0.1461683783684049
3075,0.1461683783684049
3076,0.14580799129676575
3077,0.14580799129676575
3078,0.14527936300232352
3079,0.14515538895902672
3080,0.14515538895902672
3081,0.14485243333297507
3082,0.14456002336045007
3083,0.14431026265330274
3084,0.14431026265330274
3085,0.14377594514217382
3086,0.14377594514217382
3087,0.14357118403785807
3088,0.14304236082966826
3089,0.14296144264430113
3090,0.14296144264430113
3091,0.142806067411757
3092,0.14190822241050519
3093,0.1414241456188035
3094,0.1414241456188035
3095,0.1413495642155833
3096,0.14129889490547148
3097,0.14129889490547148
3098,0.14102774499677326
3099,0.14102774499677326
3100,0.14097771817636512
3101,0.14097771817636512
3102,0.13971438861063948
3103,0.13971438861063948
3104,0.13946763916511107
3105,0.13946763916511107
3106,0.1393741286666664
3107,0.13839808161262204
3108,0.13839808161262204
3109,0.13838106067053488
3110,0.13838106067053488
3111,0.13808200728937567
3112,0.13800930050333565
3113,0.13800233440315524
3114,0.13800233440315524
3115,0.13794285041844473
3116,0.13716167468349294
3117,0.13716167468349294
3118,0.13695594863568203
3119,0.13593696921069948
3120,0.13576590667062965
3121,0.13576590667062965
3122,0.13500749829020225
3123,0.13500749829020225
3124,0.13461977160031108
3125,0.13401211736139176
3126,0.13401211736139176
3127,0.13325089033456575
3128,0.13325089033456575
3129,0.13297296140711903
3130,0.13297296140711903
3131,0.13256118343969042
3132,0.13217907427767056
3133,0.13177473220296618
3134,0.13094478620097272
3135,0.13057951628247985
3136,0.13046163450139073
3137,0.12999722091744528
3138,0.12999722091744528
3139,0.12921264149636294
3140,0.12921264149636294
3141,0.1291830786216915
3142,0.1291830786216915
3143,0.12912977721029814
3144,0.12912977721029814
3145,0.1291156002278823
3146,0.1291099522103907
3147,0.1291099522103907
3148,0.1288659188358577
3149,0.1288659188358577
3150,0.1277741240337128
3151,0.12766521224488075
3152,0.12743101937137585
3153,0.12743101937137585
3154,0.12695579012698643
3155,0.1265597577754038
3156,0.12620076514951387
3157,0.12607120239299574
3158,0.12607120239299574
3159,0.12593192994117397
3160,0.12593192994117397
3161,0.1256537239688514
3162,0.1256537239688514
3163,0.12527793129343767
3164,0.12527793129343767
3165,0.12466465520711
3166,0.124369774172845
3167,0.124369774172845
3168,0.12432980459669797
3169,0.12432980459669797
3170,0.12398658448862725
3171,0.12398658448862725
3172,0.12376314579674333
3173,0.12376314579674333
3174,0.12347059829280697
3175,0.12347059829280697
3176,0.12274843403243177
3177,0.12274843403243177
3178,0.1226177707701226
3179,0.1225073432564785
3180,0.1225073432564785
3181,0.12225396818621218
3182,0.12165345031142677
3183,0.12151541915187786
3184,0.12144273689702724
3185,0.12144273689702724
3186,0.12111432059574528
3187,0.12054198511387111
3188,0.12054198511387111
3189,0.12048005126069025
3190,0.12048005126069025
3191,0.12020789050417857
3192,0.12020789050417857
3193,0.11857442018791615
3194,0.11857442018791615
3195,0.11853856676222374
3196,0.1176882035658549
3197,0.1176882035658549
3198,0.11678581082594539
3199,0.11678581082594539
3200,0.11670513442033378
3201,0.11670513442033378
3202,0.11657749825270255
3203,0.11657749825270255
3204,0.11656770312400522
3205,0.11619207622038999
3206,0.11601086514424498
3207,0.11601086514424498
3208,0.11571729255398204
3209,0.11571729255398204
3210,0.11517630028353157
3211,0.11517630028353157
3212,0.11363106354584279
3213,0.11363106354584279
3214,0.11294269508680688
3215,0.11294269508680688
3216,0.11279264633057076
3217,0.11279264633057076
3218,0.1127327045352768
3219,0.11253830566753516
3220,0.11253830566753516
3221,0.11250020730941017
3222,0.11224678884336395
3223,0.11219317001699192
3224,0.11219317001699192
3225,0.11171308786387527
3226,0.11170360239033643
3227,0.111198849173895
3228,0.111198849173895
3229,0.11082446005896456
3230,0.11082446005896456
3231,0.11080815947073273
3232,0.11047393967752599
3233,0.11047393967752599
3234,0.11045955206248963
3235,0.11022495790955884
3236,0.11022495790955884
3237,0.1094384443113204
3238,0.1094384443113204
3239,0.10898701843171524
3240,0.10898701843171524
3241,0.10897102811177961
3242,0.10862738411110338
3243,0.10837204649732324
3244,0.10764744886392356
3245,0.10764744886392356
3246,0.10735038421891714
3247,0.10716420483461407
3248,0.10695130810236685
3249,0.10676352946323069
3250,0.10676352946323069
3251,0.10668764245597098
3252,0.10647164631428724
3253,0.10647164631428724
3254,0.1064639618192277
3255,0.1064639618192277
3256,0.10583254465138478
3257,0.10583254465138478
3258,0.10563518031198471
3259,0.10561889141116623
3260,0.1047552540225241
3261,0.1047552540225241
3262,0.10452323104609373
3263,0.10434883344435442
3264,0.10434883344435442
3265,0.10411904530680392
3266,0.10411904530680392
3267,0.1031902872646588
3268,0.1031902872646588
3269,0.10309421706355132
3270,0.10309421706355132
3271,0.10289847207033438
3272,0.10250815411492858
3273,0.10250815411492858
3274,0.10223213972717311
3275,0.10215846155690562
3276,0.10188923166250814
3277,0.10188923166250814
3278,0.10179122223645333
3279,0.10179122223645333
3280,0.10155717507497795
3281,0.10139179683291667
3282,0.10132651579064275
3283,0.10121531754557335
3284,0.10121531754557335
3285,0.10013375683931108
3286,0.10013375683931108
3287,0.10007979205958106
3288,0.10007976339677509
3289,0.10007976339677509
3290,0.09921554186346693
3291,0.09921554186346693
3292,0.09912234822470631
3293,0.09912234822470631
3294,0.09893267819441033
3295,0.09893267819441033
3296,0.09879997433914597
3297,0.09874422563138621
3298,0.09874422563138621
3299,0.09874422563138621
3300,0.0982930216308803
3301,0.0982930216308803
3302,0.09803049003621311
3303,0.09800132640233096
3304,0.09800132640233096
3305,0.09756544384597664
3306,0.09756544384597664
3307,0.0961955843929711
3308,0.0961955843929711
3309,0.09576890488106343
3310,0.09576890488106343
3311,0.09440476995875498
3312,0.09440476995875498
3313,0.09439774176940072
3314,0.09305305634783276
3315,0.09284482276069957
3316,0.09284482276069957
3317,0.0924115431968452
3318,0.09231331083874175
3319,0.09211777261363459
3320,0.09211777261363459
3321,0.09145667548870434
3322,0.09144693161642652
3323,0.09144693161642652
3324,0.09071653125813081
3325,0.09069708860219125
3326,0.09069708860219125
3327,0.09045788233477627
3328,0.09045788233477627
3329,0.09035649044962811
3330,0.09035649044962811
3331,0.09019521617921107
3332,0.09019521617921107
3333,0.09018851659772971
3334,0.09018851659772971
3335,0.09018650394802631
3336,0.09004393393939047
3337,0.09004393393939047
3338,0.08990702628187684
3339,0.08990427242412256
3340,0.0898493768371257
3341,0.08857863018649816
3342,0.08857863018649816
3343,0.08844895503327639
3344,0.08840713273344691
3345,0.0883996527769315
3346,0.08823270612624722
3347,0.08823270612624722
3348,0.0880623369108405
3349,0.0880623369108405
3350,0.08799006938965968
3351,0.08750360026679954
3352,0.08750360026679954
3353,0.08695721923211451
3354,0.08693293976777387
3355,0.08692500889516223
3356,0.08667023164720153
3357,0.08596473584549567
3358,0.08566003787568945
3359,0.08566003787568945
3360,0.0853459119576448
3361,0.0853459119576448
3362,0.08526604271026274
3363,0.0850088687148929
3364,0.08481877512084968
3365,0.08453650807276553
3366,0.08432137816542393
3367,0.08427039073728805
3368,0.08384351845569042
3369,0.08384351845569042
3370,0.08331689610252739
3371,0.08331689610252739
3372,0.08314342535117489
3373,0.08314342535117489
3374,0.08292132238205023
3375,0.08292132238205023
3376,0.08239146904254277
3377,0.08239146904254277
3378,0.08238195559550465
3379,0.08238195559550465
3380,0.08232193580901125
3381,0.08232193580901125
3382,0.08211461785654368
3383,0.08211461785654368
3384,0.08142349986327892
3385,0.08142349986327892
3386,0.08069223369156099
3387,0.08069223369156099
3388,0.08034385738373954
3389,0.08023724215298499
3390,0.08023724215298499
3391,0.08004907843266097
3392,0.08004907843266097
3393,0.079596707055106
3394,0.079596707055106
3395,0.07958686250862398
3396,0.07958686250862398
3397,0.07952470003331394
3398,0.0794408622854218
3399,0.07922803533573966
3400,0.07922803533573966
3401,0.07908719622179054
3402,0.0789539349746734
3403,0.0789539349746734
3404,0.0788705513309113
3405,0.0788705513309113
3406,0.07876126857467532
3407,0.07876126857467532
3408,0.07868498042974888
3409,0.07868498042974888
3410,0.07847110571918753
3411,0.07842812998570946
3412,0.07842812998570946
3413,0.07817496829733046
3414,0.07817496829733046
3415,0.07784201412040664
3416,0.07764051924231556
3417,0.0774952413429445
3418,0.0774952413429445
3419,0.0772971967083811
3420,0.0772971967083811
3421,0.07727105982220328
3422,0.07646504767748852
3423,0.07646504767748852
3424,0.0760672860846352
3425,0.0756227113296421
3426,0.0756227113296421
3427,0.07512250109052115
3428,0.07512250109052115
3429,0.07489701659306516
3430,0.07463871779003448
3431,0.07463871779003448
3432,0.07454624901405443
3433,0.07450645896120947
3434,0.07426954046528365
3435,0.07421785550968
3436,0.07378501804958076
3437,0.07372706421920523
3438,0.0735021467493549
3439,0.0735021467493549
3440,0.07296546069323387
3441,0.07270658294377315
3442,0.07270658294377315
3443,0.07263627309186789
3444,0.07263627309186789
3445,0.07250680977314974
3446,0.07245142458915883
3447,0.07245142458915883
3448,0.07185282596875037
3449,0.07185282596875037
3450,0.07103184795884813
3451,0.07077679964396219
3452,0.07074965180091218
3453,0.07074965180091218
3454,0.0706185482976076
3455,0.0706185482976076
3456,0.07029535399604292
3457,0.06949516240210943
3458,0.06949516240210943
3459,0.06925050694944113
3460,0.06925050694944113
3461,0.06923354267716064
3462,0.06923354267716064
3463,0.06922283492897897
3464,0.06922283492897897
3465,0.06905371183793824
3466,0.06905371183793824
3467,0.06902766849587173
3468,0.06896622002876629
3469,0.06883295859028961
3470,0.06837026203581799
3471,0.06757862245107034
3472,0.06736007219099654
3473,0.06725627653548093
3474,0.06678599596862111
3475,0.06625457869492182
3476,0.06613716089550836
3477,0.06613716089550836
3478,0.0660747570989793
3479,0.0660747570989793
3480,0.06595212445680466
3481,0.06585015114759528
3482,0.06585015114759528
3483,0.06545469004599663
3484,0.06545469004599663
3485,0.06527971346445333
3486,0.06527971346445333
3487,0.06526753652790826
3488,0.06526753652790826
3489,0.06526753652790826
3490,0.06526753652790826
3491,0.06508995222122381
3492,0.06508995222122381
3493,0.06503886684647771
3494,0.06503886684647771
3495,0.06468297375802896
3496,0.06468297375802896
3497,0.06455654269061302
3498,0.06450364456192292
3499,0.06450364456192292
3500,0.0641344877029268
3501,0.0641344877029268
3502,0.0630689012333787
3503,0.0630689012333787
3504,0.06272568629450322
3505,0.062425881909074804
3506,0.06231238494192827
3507,0.06231238494192827
3508,0.0622262412617754
3509,0.0621464769106896
3510,0.0621464769106896
3511,0.062092306160949996
3512,0.062092306160949996
3513,0.06181491128778455
3514,0.06181491128778455
3515,0.06169860567753046
3516,0.06105107607606039
3517,0.06082301124550168
3518,0.06082301124550168
3519,0.06022771451165294
3520,0.060061128415396
3521,0.06004197354823554
3522,0.05999490775513129
3523,0.05999490775513129
3524,0.05998204418626726
3525,0.059268157717219515
3526,0.059268157717219515
3527,0.05874673976608657
3528,0.05874673976608657
3529,0.058334026634161665
3530,0.058334026634161665
3531,0.05796172276473996
3532,0.05796172276473996
3533,0.05793518365451352
3534,0.05793518365451352
3535,0.0578289423228925
3536,0.0578289423228925
3537,0.057828826134472065
3538,0.057828826134472065
3539,0.05732204295700392
3540,0.05727892239616017
3541,0.05671711077409843
3542,0.05671711077409843
3543,0.05638116182334822
3544,0.05624840652485336
3545,0.05624840652485336
3546,0.05605675737173036
3547,0.05605675737173036
3548,0.05582628504955663
3549,0.05582628504955663
3550,0.055617989770213976
3551,0.055617989770213976
3552,0.055605255434512384
3553,0.055588943955793876
3554,0.05525361248721958
3555,0.05525361248721958
3556,0.054928140159369775
3557,0.054928140159369775
3558,0.05449346142090241
3559,0.05449346142090241
3560,0.054315604651908385
3561,0.054315604651908385
3562,0.054204945826155815
3563,0.054204945826155815
3564,0.05403915996518521
3565,0.05403915996518521
3566,0.054035965408464004
3567,0.05378985228167106
3568,0.05346911690775068
3569,0.053376795445285695
3570,0.05329039478941696
3571,0.05293726395378037
3572,0.05293726395378037
3573,0.05279352942812414
3574,0.05268517353148385
3575,0.05268517353148385
3576,0.05223857850356448
3577,0.05223580103033565
3578,0.05223580103033565
3579,0.05175686904451541
3580,0.051738881182981235
3581,0.051727873143208654
3582,0.051727873143208654
3583,0.05145326117705323
3584,0.05145326117705323
3585,0.051358119630939315
3586,0.051358119630939315
3587,0.051339355175354505
3588,0.051339355175354505
3589,0.051274488693217074
3590,0.05099483582095917
3591,0.05099483582095917
3592,0.05079626513537502
3593,0.05079626513537502
3594,0.05041490039967984
3595,0.05041490039967984
3596,0.05036567014104113
3597,0.05026692223997186
3598,0.05020049494324386
3599,0.05020049494324386
3600,0.05019681740649715
3601,0.05019681740649715
3602,0.05012388364058675
3603,0.05011654322593064
3604,0.05011654322593064
3605,0.05008400548727972
3606,0.05008400548727972
3607,0.04958717999891579
3608,0.04958717999891579
3609,0.049288152130785
3610,0.04907179070761443
3611,0.04902971618807972
3612,0.04902971618807972
3613,0.04900529219985071
3614,0.04900529219985071
3615,0.04898153224273251
3616,0.04898153224273251
3617,0.04893473483935186
3618,0.04876653615658653
3619,0.04857109936540431
3620,0.04827813581430427
3621,0.048071037577637296
3622,0.048071037577637296
3623,0.047248606055110165
3624,0.04718572497048006
3625,0.047132893168284326
3626,0.047132893168284326
3627,0.046935983961245896
3628,0.046935983961245896
3629,0.04682805718170811
3630,0.04673112886078571
3631,0.04666051168393016
3632,0.04666051168393016
3633,0.04660196289491451
3634,0.04654630662341642
3635,0.04654630662341642
3636,0.04654630662341642
3637,0.04644907494621169
3638,0.04644907494621169
3639,0.04593361210511866
3640,0.04487762630005376
3641,0.04487762630005376
3642,0.04471100158159532
3643,0.04471100158159532
3644,0.04412255430877681
3645,0.043950298272378785
3646,0.043950298272378785
3647,0.043950298272378785
3648,0.043950298272378785
3649,0.043950298272378785
3650,0.043950298272378785
3651,0.04316568244544813
3652,0.04315685551390977
3653,0.04315685551390977
3654,0.04291236434874586
3655,0.04262629036144145
3656,0.04262629036144145
3657,0.0426104517146969
3658,0.04241573927563383
3659,0.04241573927563383
3660,0.042390467359491604
3661,0.042390467359491604
3662,0.042360047463670024
3663,0.042360047463670024
3664,0.041661410220291455
3665,0.041612000636011684
3666,0.041612000636011684
3667,0.04139959533804429
3668,0.04139959533804429
3669,0.04139959533804429
3670,0.04139959533804429
3671,0.04131199035676894
3672,0.04119017160379689
3673,0.041154768519552805
3674,0.041154768519552805
3675,0.0409758971918955
3676,0.0409758971918955
3677,0.04040844689140852
3678,0.04040844689140852
3679,0.040335108381360264
3680,0.04032683715364258
3681,0.0400434807519054
3682,0.0398187325923871
3683,0.0398187325923871
3684,0.03968725710114383
3685,0.03944554754863048
3686,0.03944554754863048
3687,0.03941811957976702
3688,0.03941811957976702
3689,0.0382209629984343
3690,0.0382209629984343
3691,0.037812843568807666
3692,0.037710107381334367
3693,0.03728856568431034
3694,0.03728856568431034
3695,0.03690585988641928
3696,0.03680871683219386
3697,0.03680871683219386
3698,0.0367061292562533
3699,0.0367061292562533
3700,0.036653437846366564
3701,0.036653437846366564
3702,0.03662847893776571
3703,0.03654320775803391
3704,0.036159229448229316
3705,0.03558237652619434
3706,0.03558237652619434
3707,0.035582376525487014
3708,0.03537122278516014
3709,0.03537122278516014
3710,0.03509376495056614
3711,0.03508039381435631
3712,0.03508039381435631
3713,0.034624587423933983
3714,0.034624587423933983
3715,0.03454652218407199
3716,0.03451983210842592
3717,0.03451983210842592
3718,0.03445678910778119
3719,0.03445678910778119
3720,0.034146499003611094
3721,0.034142316133237205
3722,0.034142316133237205
3723,0.033782684053887096
3724,0.03335847799370506
3725,0.03335847799370506
3726,0.0332402223348522
3727,0.0332402223348522
3728,0.03310562822093572
3729,0.0330790245626934
3730,0.0330790245626934
3731,0.03237025982826516
3732,0.03237025982826516
3733,0.03225535266170108
3734,0.03202148472916143
3735,0.03202148472916143
3736,0.03174229294819814
3737,0.03173270104799176
3738,0.03173270104799176
3739,0.030907543255483946
3740,0.03088507450910953
3741,0.030543867453576852
3742,0.030543867453576852
3743,0.0303880233811041
3744,0.030268690481854387
3745,0.029885059126515963
3746,0.029885059126515963
3747,0.029783210447331187
3748,0.029747330745907845
3749,0.02968189190222942
3750,0.02968189190222942
3751,0.02933628140872815
3752,0.02897075013131018
3753,0.02897075013131018
3754,0.028723716357787227
3755,0.028214248691018767
3756,0.028214248691018767
3757,0.02748084768027011
3758,0.027404478327751586
3759,0.027404478327751586
3760,0.027249731628316346
3761,0.027249731628316346
3762,0.026762477520503133
3763,0.02675484097205897
3764,0.026648432344191734
3765,0.0265132632356309
3766,0.02642400610749151
3767,0.02642400610749151
3768,0.026213899532375896
3769,0.026107822017050714
3770,0.026107822017050714
3771,0.02589600058389922
3772,0.0252924278579359
3773,0.0252924278579359
3774,0.02516067832654885
3775,0.02516067832654885
3776,0.025099208956520215
3777,0.025059197774518583
3778,0.025059197774518583
3779,0.02497996138677097
3780,0.024709045444301334
3781,0.024709045444301334
3782,0.02469173755668487
3783,0.02469173755668487
3784,0.02453425887955619
3785,0.02453425887955619
3786,0.024391978550007676
3787,0.02430355300720308
3788,0.02430355300720308
3789,0.02425033791883036
3790,0.023815892737982337
3791,0.02362463302542203
3792,0.02362463302542203
3793,0.023543393853243746
3794,0.02346624428929157
3795,0.023425693369452914
3796,0.023425693369452914
3797,0.022948202961120136
3798,0.022948202961120136
3799,0.022812848993781474
3800,0.02272565153932757
3801,0.022721012090235273
3802,0.022721012090235273
3803,0.022258636744792507
3804,0.022258636744792507
3805,0.022243317983010664
3806,0.022243317983010664
3807,0.022238985328429384
3808,0.021776618426128918
3809,0.021776618426128918
3810,0.02131244765178785
3811,0.021208639711585174
3812,0.021208639711585174
3813,0.021147509529456262
3814,0.021147509529456262
3815,0.020813663235805763
3816,0.02081350646766266
3817,0.020211088461069154
3818,0.020053065764427894
3819,0.020036959439994992
3820,0.0200369162667593
3821,0.019130887470995304
3822,0.019130887470995304
3823,0.018926273205973617
3824,0.018844129040917184
3825,0.018179530302389682
3826,0.017815523165099496
3827,0.01741295071075035
3828,0.01741036641229931
3829,0.017324191157298635
3830,0.017323340032719035
3831,0.017323340032719035
3832,0.017226948941820565
3833,0.017226948941820565
3834,0.016828131946762467
3835,0.016828131946762467
3836,0.015984479707897754
3837,0.015984479707897754
3838,0.015783725245565143
3839,0.015616083240085451
3840,0.015194550393557894
3841,0.015194550393557894
3842,0.01507919008509578
3843,0.01503811396188875
3844,0.01503811396188875
3845,0.014576247314096697
3846,0.014576247314096697
3847,0.014531830465903086
3848,0.0144856347911443
3849,0.0144856347911443
3850,0.014072407840042546
3851,0.014072407840042546
3852,0.013874377697981787
3853,0.013837611021522948
3854,0.013472632349883915
3855,0.013472632349883915
3856,0.013456340181289718
3857,0.013456340181289718
3858,0.013375816349220658
3859,0.013375816349220658
3860,0.013285564113740744
3861,0.013139285922618512
3862,0.013139285922618512
3863,0.013115975405401489
3864,0.013115975405401489
3865,0.013014082503803509
3866,0.013014082503803509
3867,0.012899650685376468
3868,0.012899650685376468
3869,0.012555930511866526
3870,0.012555930511866526
3871,0.012443424458047907
3872,0.012443424458047907
3873,0.012063410048056358
3874,0.012063410048056358
3875,0.011241889542717518
3876,0.011241889542717518
3877,0.011241889542717518
3878,0.010816555150877073
3879,0.010816555150877073
3880,0.010527590544243204
3881,0.010527590544243204
3882,0.009623737171537675
3883,0.009623737171537675
3884,0.009615507283938977
3885,0.009615507283938977
3886,0.009057280188350478
3887,0.00905605762017646
3888,0.008715498477380403
3889,0.008715498477380403
3890,0.008269414926473808
3891,0.008269414926473808
3892,0.008141147709036841
3893,0.008141147709036841
3894,0.007839658270249648
3895,0.007839606838273245
3896,0.0077854860856447355
3897,0.0077854860856447355
3898,0.0077854860856447355
3899,0.007783644865480777
3900,0.007783644865480777
3901,0.007576528396716863
3902,0.007576528396716863
3903,0.00756703341225966
3904,0.00756703341225966
3905,0.007484635201531231
3906,0.007479329452460725
3907,0.007479329452460725
3908,0.007346007915282072
3909,0.0073221026454108416
3910,0.007267107796172268
3911,0.006701919737161375
3912,0.0066716955981751536
3913,0.0066716955981751536
3914,0.006642196802481775
3915,0.006529855161937288
3916,0.006529853538986066
3917,0.0064546197242844735
3918,0.005862754589854886
3919,0.005862754589854886
3920,0.005810073606994439
3921,0.005745615697179684
3922,0.005745615697179684
3923,0.00561347640055335
3924,0.005559746332284177
3925,0.005313757451142312
3926,0.005313757451142312
3927,0.0052584954350482485
3928,0.0052584954350482485
3929,0.004808237626314476
3930,0.004447797065685877
3931,0.0039853181735092485
3932,0.0038818384204597346
3933,0.0038818384204597346
3934,0.00382355224761806
3935,0.00382355224761806
3936,0.0037447389113496846
3937,0.0037447389113496846
3938,0.0035795745418206078
3939,0.0035795745418206078
3940,0.0030168849482893156
3941,0.0030168849482893156
3942,0.0027906088530901796
3943,0.0024123044382431654
3944,0.0024123044382431654
3945,0.0024123044382431654
3946,0.0024123044382431654
3947,0.0022238985317819537
3948,0.0022238985317819537
3949,0.0022238985310746306
3950,0.0021766182074258703
3951,0.001860405902849073
3952,0.0011119492665983
3953,0.0011119492665983
3954,0.0007251398583696764
3955,0.0007251398583696764
3956,0.000525894725452814
3957,0.000525894725452814
3958,0.00046761735266208007
3959,0.00046761735266208007
3960,0.0004356577928079208
3961,0.0004356577928079208
3962,0.00043347013963524166
3963,0.00043347013963524166
3964,0.0003335847791307023
3965,0.0003335847791307023
3966,0.0
3967,0.0
3968,0.0
3969,0.0
3970,0.0
3971,0.0
3972,0.0
3973,0.0
3974,0.0
3975,0.0
3976,0.0
3977,0.0
3978,0.0
3979,0.0
3980,0.0
3981,0.0
3982,0.0
3983,0.0
3984,0.0
3985,0.0
3986,0.0
3987,0.0
3988,0.0
3989,0.0
3990,0.0
3991,0.0
3992,0.0
3993,0.0
3994,0.0
3995,0.0
3996,0.0
3997,0.0
3998,0.0
3999,0.0
4000,0.0
4001,0.0
4002,0.0
4003,0.0
4004,0.0
4005,0.0
4006,0.0
4007,0.0
4008,0.0
4009,0.0
4010,0.0
4011,0.0
4012,0.0
4013,0.0
4014,0.0
4015,0.0
4016,0.0
4017,0.0
4018,0.0
4019,0.0
4020,0.0
4021,0.0
4022,0.0
4023,0.0
4024,0.0
4025,0.0
4026,0.0
4027,0.0
4028,0.0
4029,0.0
4030,0.0
4031,0.0
4032,0.0
4033,0.0
4034,0.0
4035,0.0
4036,0.0
4037,0.0
4038,0.0
4039,0.0
4040,0.0
4041,0.0
4042,0.0
4043,0.0
4044,0.0
4045,0.0
4046,0.0
4047,0.0
4048,0.0
4049,0.0
4050,0.0
4051,0.0
4052,0.0
4053,0.0
4054,0.0
4055,0.0
4056,0.0
4057,0.0
4058,0.0
4059,0.0
4060,0.0
4061,0.0
4062,0.0
4063,0.0
4064,0.0
4065,0.0
4066,0.0
4067,0.0
4068,0.0
4069,0.0
4070,0.0
4071,0.0
4072,0.0
4073,0.0
4074,0.0
4075,0.0
4076,0.0
4077,0.0
4078,0.0
4079,0.0
4080,0.0
4081,0.0
4082,0.0
4083,0.0
4084,0.0
4085,0.0
4086,0.0
4087,0.0
4088,0.0
4089,0.0
4090,0.0
4091,0.0
4092,0.0
4093,0.0
4094,0.0
4095,0.0
4096,0.0
4097,0.0
4098,0.0
4099,0.0
4100,0.0
4101,0.0
4102,0.0
4103,0.0
4104,0.0
4105,0.0
4106,0.0
4107,0.0
4108,0.0
4109,0.0
4110,0.0
4111,0.0
4112,0.0
4113,0.0
4114,0.0
4115,0.0
4116,0.0
4117,0.0
4118,0.0
4119,0.0
4120,0.0
4121,0.0
4122,0.0
4123,0.0
4124,0.0
4125,0.0
4126,0.0
4127,0.0
4128,0.0
4129,0.0
4130,0.0
4131,0.0
4132,0.0
4133,0.0
4134,0.0
4135,0.0
4136,0.0
4137,0.0
4138,0.0
4139,0.0
4140,0.0
4141,0.0
4142,0.0
4143,0.0
4144,0.0
4145,0.0
4146,0.0
4147,0.0
4148,0.0
4149,0.0
4150,0.0
4151,0.0
4152,0.0
4153,0.0
4154,0.0
4155,0.0
4156,0.0
4157,0.0
4158,0.0
4159,0.0
4160,0.0
4161,0.0
4162,0.0
4163,0.0
4164,0.0
4165,0.0
4166,0.0
4167,0.0
4168,0.0
4169,0.0
4170,0.0
4171,0.0
4172,0.0
4173,0.0
4174,0.0
4175,0.0
4176,0.0
4177,0.0
4178,0.0
4179,0.0
4180,0.0
4181,0.0
4182,0.0
4183,0.0
4184,0.0
4185,0.0
4186,0.0
4187,0.0
4188,0.0
4189,0.0
4190,0.0
4191,0.0
4192,0.0
4193,0.0
4194,0.0
4195,0.0
4196,0.0
4197,0.0
4198,0.0
4199,0.0
4200,0.0
4201,0.0
4202,0.0
4203,0.0
4204,0.0
4205,0.0
4206,0.0
4207,0.0
4208,0.0
4209,0.0
4210,0.0
4211,0.0
4212,0.0
4213,0.0
4214,0.0
4215,0.0
4216,0.0
4217,0.0
4218,0.0
4219,0.0
4220,0.0
4221,0.0
4222,0.0
4223,0.0
4224,0.0
4225,0.0
4226,0.0
4227,0.0
4228,0.0
4229,0.0
4230,0.0
4231,0.0
4232,0.0
4233,0.0
4234,0.0
4235,0.0
4236,0.0
4237,0.0
4238,0.0
4239,0.0
4240,0.0
4241,0.0
4242,0.0
4243,0.0
4244,0.0
4245,0.0
4246,0.0
4247,0.0
4248,0.0
4249,0.0
4250,0.0
4251,0.0
4252,0.0
4253,0.0
4254,0.0
4255,0.0
4256,0.0
4257,0.0
4258,0.0
4259,0.0
4260,0.0
4261,0.0
4262,0.0
4263,0.0
4264,0.0
4265,0.0
4266,0.0
4267,0.0
4268,0.0
4269,0.0
4270,0.0
4271,0.0
4272,0.0
4273,0.0
4274,0.0
4275,0.0
4276,0.0
4277,0.0
4278,0.0
4279,0.0
4280,0.0
4281,0.0
4282,0.0
4283,0.0
4284,0.0
4285,0.0
4286,0.0
4287,0.0
4288,0.0
4289,0.0
